epci2020;semaine_glissante;clage_65;ti
200023414;2020-09-20-2020-09-26;0;182.2
200030195;2020-09-20-2020-09-26;0;94.6
200039865;2020-09-20-2020-09-26;0;52.1
200040715;2020-09-20-2020-09-26;0;280.5
200046977;2020-09-20-2020-09-26;0;248.1
200054781;2020-09-20-2020-09-26;0;213.7
200054807;2020-09-20-2020-09-26;0;199.8
242100410;2020-09-20-2020-09-26;0;172.4
242900314;2020-09-20-2020-09-26;0;59.5
243100518;2020-09-20-2020-09-26;0;260.8
243300316;2020-09-20-2020-09-26;0;149.3
243400017;2020-09-20-2020-09-26;0;144.6
243500139;2020-09-20-2020-09-26;0;164
243700754;2020-09-20-2020-09-26;0;97.2
244200770;2020-09-20-2020-09-26;0;215
244400404;2020-09-20-2020-09-26;0;93.6
244500468;2020-09-20-2020-09-26;0;105.2
245400676;2020-09-20-2020-09-26;0;71.9
245900410;2020-09-20-2020-09-26;0;317.3
246300701;2020-09-20-2020-09-26;0;124.1
246700488;2020-09-20-2020-09-26;0;93.9
248300543;2020-09-20-2020-09-26;0;60.6
200023414;2020-09-21-2020-09-27;0;179.9
200030195;2020-09-21-2020-09-27;0;95
200039865;2020-09-21-2020-09-27;0;51.7
200040715;2020-09-21-2020-09-27;0;278.9
200046977;2020-09-21-2020-09-27;0;247
200054781;2020-09-21-2020-09-27;0;212.8
200054807;2020-09-21-2020-09-27;0;198.9
242100410;2020-09-21-2020-09-27;0;160.2
242900314;2020-09-21-2020-09-27;0;57.6
243100518;2020-09-21-2020-09-27;0;258.3
243300316;2020-09-21-2020-09-27;0;147.7
243400017;2020-09-21-2020-09-27;0;143.8
243500139;2020-09-21-2020-09-27;0;161.3
243700754;2020-09-21-2020-09-27;0;96.2
244200770;2020-09-21-2020-09-27;0;216
244400404;2020-09-21-2020-09-27;0;93.1
244500468;2020-09-21-2020-09-27;0;106.9
245400676;2020-09-21-2020-09-27;0;72.6
245900410;2020-09-21-2020-09-27;0;307
246300701;2020-09-21-2020-09-27;0;126.4
246700488;2020-09-21-2020-09-27;0;92.7
248300543;2020-09-21-2020-09-27;0;60.9
200023414;2020-09-22-2020-09-28;0;159.1
200030195;2020-09-22-2020-09-28;0;86.5
200039865;2020-09-22-2020-09-28;0;49.8
200040715;2020-09-22-2020-09-28;0;278.7
200046977;2020-09-22-2020-09-28;0;237.8
200054781;2020-09-22-2020-09-28;0;209.6
200054807;2020-09-22-2020-09-28;0;186.6
242100410;2020-09-22-2020-09-28;0;160
242900314;2020-09-22-2020-09-28;0;59.7
243100518;2020-09-22-2020-09-28;0;239.5
243300316;2020-09-22-2020-09-28;0;147.5
243400017;2020-09-22-2020-09-28;0;139.8
243500139;2020-09-22-2020-09-28;0;155.1
243700754;2020-09-22-2020-09-28;0;93.6
244200770;2020-09-22-2020-09-28;0;218.6
244400404;2020-09-22-2020-09-28;0;92.5
244500468;2020-09-22-2020-09-28;0;109.2
245400676;2020-09-22-2020-09-28;0;74.2
245900410;2020-09-22-2020-09-28;0;310.2
246300701;2020-09-22-2020-09-28;0;133
246700488;2020-09-22-2020-09-28;0;80.7
248300543;2020-09-22-2020-09-28;0;55.8
200023414;2020-09-23-2020-09-29;0;142.9
200030195;2020-09-23-2020-09-29;0;83.9
200039865;2020-09-23-2020-09-29;0;50.6
200040715;2020-09-23-2020-09-29;0;278.2
200046977;2020-09-23-2020-09-29;0;227.8
200054781;2020-09-23-2020-09-29;0;208.3
200054807;2020-09-23-2020-09-29;0;185.2
242100410;2020-09-23-2020-09-29;0;164.7
242900314;2020-09-23-2020-09-29;0;55.6
243100518;2020-09-23-2020-09-29;0;224.6
243300316;2020-09-23-2020-09-29;0;146.6
243400017;2020-09-23-2020-09-29;0;145.5
243500139;2020-09-23-2020-09-29;0;148.5
243700754;2020-09-23-2020-09-29;0;91.2
244200770;2020-09-23-2020-09-29;0;225.4
244400404;2020-09-23-2020-09-29;0;92.1
244500468;2020-09-23-2020-09-29;0;107.3
245400676;2020-09-23-2020-09-29;0;76
245900410;2020-09-23-2020-09-29;0;278.5
246300701;2020-09-23-2020-09-29;0;143.8
246700488;2020-09-23-2020-09-29;0;74.8
248300543;2020-09-23-2020-09-29;0;53.8
200023414;2020-09-24-2020-09-30;0;142.2
200030195;2020-09-24-2020-09-30;0;78.2
200039865;2020-09-24-2020-09-30;0;48.4
200040715;2020-09-24-2020-09-30;0;278.4
200046977;2020-09-24-2020-09-30;0;229
200054781;2020-09-24-2020-09-30;0;211.3
200054807;2020-09-24-2020-09-30;0;184.4
242100410;2020-09-24-2020-09-30;0;171.5
242900314;2020-09-24-2020-09-30;0;52.1
243100518;2020-09-24-2020-09-30;0;217
243300316;2020-09-24-2020-09-30;0;144.1
243400017;2020-09-24-2020-09-30;0;155.2
243500139;2020-09-24-2020-09-30;0;144.7
243700754;2020-09-24-2020-09-30;0;92.1
244200770;2020-09-24-2020-09-30;0;246.6
244400404;2020-09-24-2020-09-30;0;93.9
244500468;2020-09-24-2020-09-30;0;108.9
245400676;2020-09-24-2020-09-30;0;79
245900410;2020-09-24-2020-09-30;0;276.8
246300701;2020-09-24-2020-09-30;0;166.5
246700488;2020-09-24-2020-09-30;0;70.2
248300543;2020-09-24-2020-09-30;0;55
200023414;2020-09-25-2020-10-01;0;153.6
200030195;2020-09-25-2020-10-01;0;81.3
200039865;2020-09-25-2020-10-01;0;56.4
200040715;2020-09-25-2020-10-01;0;276.6
200046977;2020-09-25-2020-10-01;0;228.2
200054781;2020-09-25-2020-10-01;0;218.9
200054807;2020-09-25-2020-10-01;0;184.5
242100410;2020-09-25-2020-10-01;0;160.9
242900314;2020-09-25-2020-10-01;0;53.2
243100518;2020-09-25-2020-10-01;0;213.6
243300316;2020-09-25-2020-10-01;0;146.1
243400017;2020-09-25-2020-10-01;0;160.9
243500139;2020-09-25-2020-10-01;0;148.5
243700754;2020-09-25-2020-10-01;0;102.4
244200770;2020-09-25-2020-10-01;0;261.5
244400404;2020-09-25-2020-10-01;0;98.7
244500468;2020-09-25-2020-10-01;0;114.6
245400676;2020-09-25-2020-10-01;0;79.3
245900410;2020-09-25-2020-10-01;0;286.1
246300701;2020-09-25-2020-10-01;0;170.7
246700488;2020-09-25-2020-10-01;0;66.4
248300543;2020-09-25-2020-10-01;0;54.5
200023414;2020-09-26-2020-10-02;0;168.6
200030195;2020-09-26-2020-10-02;0;79.9
200039865;2020-09-26-2020-10-02;0;60.1
200040715;2020-09-26-2020-10-02;0;275.1
200046977;2020-09-26-2020-10-02;0;233.5
200054781;2020-09-26-2020-10-02;0;232.2
200054807;2020-09-26-2020-10-02;0;192.7
242100410;2020-09-26-2020-10-02;0;161.1
242900314;2020-09-26-2020-10-02;0;54.1
243100518;2020-09-26-2020-10-02;0;220.1
243300316;2020-09-26-2020-10-02;0;144.6
243400017;2020-09-26-2020-10-02;0;180.7
243500139;2020-09-26-2020-10-02;0;151.1
243700754;2020-09-26-2020-10-02;0;114
244200770;2020-09-26-2020-10-02;0;284.9
244400404;2020-09-26-2020-10-02;0;108.4
244500468;2020-09-26-2020-10-02;0;117.8
245400676;2020-09-26-2020-10-02;0;84.6
245900410;2020-09-26-2020-10-02;0;299.4
246300701;2020-09-26-2020-10-02;0;177.4
246700488;2020-09-26-2020-10-02;0;64.4
248300543;2020-09-26-2020-10-02;0;57.9
200023414;2020-09-27-2020-10-03;0;174.1
200030195;2020-09-27-2020-10-03;0;79.2
200039865;2020-09-27-2020-10-03;0;62.7
200040715;2020-09-27-2020-10-03;0;280.7
200046977;2020-09-27-2020-10-03;0;234.7
200054781;2020-09-27-2020-10-03;0;241.5
200054807;2020-09-27-2020-10-03;0;194.4
242100410;2020-09-27-2020-10-03;0;153.1
242900314;2020-09-27-2020-10-03;0;58.8
243100518;2020-09-27-2020-10-03;0;221.3
243300316;2020-09-27-2020-10-03;0;143.7
243400017;2020-09-27-2020-10-03;0;192.8
243500139;2020-09-27-2020-10-03;0;148.5
243700754;2020-09-27-2020-10-03;0;118.3
244200770;2020-09-27-2020-10-03;0;298
244400404;2020-09-27-2020-10-03;0;115.9
244500468;2020-09-27-2020-10-03;0;125.5
245400676;2020-09-27-2020-10-03;0;87.9
245900410;2020-09-27-2020-10-03;0;310.1
246300701;2020-09-27-2020-10-03;0;181.3
246700488;2020-09-27-2020-10-03;0;68
248300543;2020-09-27-2020-10-03;0;59.5
200023414;2020-09-28-2020-10-04;0;180.1
200030195;2020-09-28-2020-10-04;0;80.2
200039865;2020-09-28-2020-10-04;0;62.7
200040715;2020-09-28-2020-10-04;0;280.3
200046977;2020-09-28-2020-10-04;0;235.4
200054781;2020-09-28-2020-10-04;0;243.8
200054807;2020-09-28-2020-10-04;0;194.3
242100410;2020-09-28-2020-10-04;0;153.1
242900314;2020-09-28-2020-10-04;0;65.4
243100518;2020-09-28-2020-10-04;0;221.6
243300316;2020-09-28-2020-10-04;0;143.8
243400017;2020-09-28-2020-10-04;0;193.1
243500139;2020-09-28-2020-10-04;0;145.1
243700754;2020-09-28-2020-10-04;0;122.4
244200770;2020-09-28-2020-10-04;0;302.7
244400404;2020-09-28-2020-10-04;0;117.6
244500468;2020-09-28-2020-10-04;0;126.3
245400676;2020-09-28-2020-10-04;0;89.4
245900410;2020-09-28-2020-10-04;0;321.8
246300701;2020-09-28-2020-10-04;0;182.9
246700488;2020-09-28-2020-10-04;0;69
248300543;2020-09-28-2020-10-04;0;59.9
200023414;2020-09-29-2020-10-05;0;201
200030195;2020-09-29-2020-10-05;0;84.2
200039865;2020-09-29-2020-10-05;0;67.9
200040715;2020-09-29-2020-10-05;0;297.4
200046977;2020-09-29-2020-10-05;0;259.1
200054781;2020-09-29-2020-10-05;0;269
200054807;2020-09-29-2020-10-05;0;207
242100410;2020-09-29-2020-10-05;0;158.5
242900314;2020-09-29-2020-10-05;0;68.7
243100518;2020-09-29-2020-10-05;0;231
243300316;2020-09-29-2020-10-05;0;138.8
243400017;2020-09-29-2020-10-05;0;205.4
243500139;2020-09-29-2020-10-05;0;150.1
243700754;2020-09-29-2020-10-05;0;132
244200770;2020-09-29-2020-10-05;0;339
244400404;2020-09-29-2020-10-05;0;129.4
244500468;2020-09-29-2020-10-05;0;133
245400676;2020-09-29-2020-10-05;0;96.1
245900410;2020-09-29-2020-10-05;0;331.7
246300701;2020-09-29-2020-10-05;0;193
246700488;2020-09-29-2020-10-05;0;82.9
248300543;2020-09-29-2020-10-05;0;75
200023414;2020-09-30-2020-10-06;0;227.4
200030195;2020-09-30-2020-10-06;0;88.2
200039865;2020-09-30-2020-10-06;0;76.7
200040715;2020-09-30-2020-10-06;0;329.5
200046977;2020-09-30-2020-10-06;0;284.9
200054781;2020-09-30-2020-10-06;0;289.5
200054807;2020-09-30-2020-10-06;0;214.6
242100410;2020-09-30-2020-10-06;0;153.8
242900314;2020-09-30-2020-10-06;0;77.5
243100518;2020-09-30-2020-10-06;0;229.8
243300316;2020-09-30-2020-10-06;0;140.3
243400017;2020-09-30-2020-10-06;0;215.7
243500139;2020-09-30-2020-10-06;0;146.3
243700754;2020-09-30-2020-10-06;0;145.3
244200770;2020-09-30-2020-10-06;0;377.3
244400404;2020-09-30-2020-10-06;0;136.8
244500468;2020-09-30-2020-10-06;0;140
245400676;2020-09-30-2020-10-06;0;104.2
245900410;2020-09-30-2020-10-06;0;355
246300701;2020-09-30-2020-10-06;0;207.8
246700488;2020-09-30-2020-10-06;0;104.7
248300543;2020-09-30-2020-10-06;0;83.1
200023414;2020-10-01-2020-10-07;0;252.8
200030195;2020-10-01-2020-10-07;0;91.6
200039865;2020-10-01-2020-10-07;0;86.4
200040715;2020-10-01-2020-10-07;0;360.7
200046977;2020-10-01-2020-10-07;0;306.2
200054781;2020-10-01-2020-10-07;0;309.7
200054807;2020-10-01-2020-10-07;0;219.1
242100410;2020-10-01-2020-10-07;0;159.9
242900314;2020-10-01-2020-10-07;0;74.9
243100518;2020-10-01-2020-10-07;0;239.7
243300316;2020-10-01-2020-10-07;0;141.4
243400017;2020-10-01-2020-10-07;0;235.2
243500139;2020-10-01-2020-10-07;0;146.7
243700754;2020-10-01-2020-10-07;0;153.3
244200770;2020-10-01-2020-10-07;0;402.7
244400404;2020-10-01-2020-10-07;0;145.2
244500468;2020-10-01-2020-10-07;0;142.2
245400676;2020-10-01-2020-10-07;0;109.3
245900410;2020-10-01-2020-10-07;0;384.5
246300701;2020-10-01-2020-10-07;0;203.9
246700488;2020-10-01-2020-10-07;0;117.9
248300543;2020-10-01-2020-10-07;0;93.7
200023414;2020-10-02-2020-10-08;0;257.8
200030195;2020-10-02-2020-10-08;0;102.7
200039865;2020-10-02-2020-10-08;0;91.9
200040715;2020-10-02-2020-10-08;0;392.5
200046977;2020-10-02-2020-10-08;0;338.1
200054781;2020-10-02-2020-10-08;0;330.9
200054807;2020-10-02-2020-10-08;0;224
242100410;2020-10-02-2020-10-08;0;167.8
242900314;2020-10-02-2020-10-08;0;79.9
243100518;2020-10-02-2020-10-08;0;248.2
243300316;2020-10-02-2020-10-08;0;141.4
243400017;2020-10-02-2020-10-08;0;244.8
243500139;2020-10-02-2020-10-08;0;139.1
243700754;2020-10-02-2020-10-08;0;165.3
244200770;2020-10-02-2020-10-08;0;435.8
244400404;2020-10-02-2020-10-08;0;152.2
244500468;2020-10-02-2020-10-08;0;145.2
245400676;2020-10-02-2020-10-08;0;119.9
245900410;2020-10-02-2020-10-08;0;419
246300701;2020-10-02-2020-10-08;0;212
246700488;2020-10-02-2020-10-08;0;126.2
248300543;2020-10-02-2020-10-08;0;100.6
200023414;2020-10-03-2020-10-09;0;256.1
200030195;2020-10-03-2020-10-09;0;111.5
200039865;2020-10-03-2020-10-09;0;102.5
200040715;2020-10-03-2020-10-09;0;414.2
200046977;2020-10-03-2020-10-09;0;370.7
200054781;2020-10-03-2020-10-09;0;346.5
200054807;2020-10-03-2020-10-09;0;232.3
242100410;2020-10-03-2020-10-09;0;175.5
242900314;2020-10-03-2020-10-09;0;88.4
243100518;2020-10-03-2020-10-09;0;256.9
243300316;2020-10-03-2020-10-09;0;141.1
243400017;2020-10-03-2020-10-09;0;243.6
243500139;2020-10-03-2020-10-09;0;132.6
243700754;2020-10-03-2020-10-09;0;167.6
244200770;2020-10-03-2020-10-09;0;488.6
244400404;2020-10-03-2020-10-09;0;148.1
244500468;2020-10-03-2020-10-09;0;168.6
245400676;2020-10-03-2020-10-09;0;124.5
245900410;2020-10-03-2020-10-09;0;449.1
246300701;2020-10-03-2020-10-09;0;228.4
246700488;2020-10-03-2020-10-09;0;141
248300543;2020-10-03-2020-10-09;0;105.7
200023414;2020-10-04-2020-10-10;0;267.2
200030195;2020-10-04-2020-10-10;0;112.8
200039865;2020-10-04-2020-10-10;0;112.4
200040715;2020-10-04-2020-10-10;0;420.2
200046977;2020-10-04-2020-10-10;0;379.4
200054781;2020-10-04-2020-10-10;0;350.6
200054807;2020-10-04-2020-10-10;0;235.2
242100410;2020-10-04-2020-10-10;0;186.6
242900314;2020-10-04-2020-10-10;0;87.9
243100518;2020-10-04-2020-10-10;0;260.3
243300316;2020-10-04-2020-10-10;0;141.6
243400017;2020-10-04-2020-10-10;0;244.1
243500139;2020-10-04-2020-10-10;0;135.3
243700754;2020-10-04-2020-10-10;0;181.2
244200770;2020-10-04-2020-10-10;0;504.1
244400404;2020-10-04-2020-10-10;0;148
244500468;2020-10-04-2020-10-10;0;168.8
245400676;2020-10-04-2020-10-10;0;124.4
245900410;2020-10-04-2020-10-10;0;484.1
246300701;2020-10-04-2020-10-10;0;235.6
246700488;2020-10-04-2020-10-10;0;144.7
248300543;2020-10-04-2020-10-10;0;107.3
200023414;2020-10-05-2020-10-11;0;273.8
200030195;2020-10-05-2020-10-11;0;112.9
200039865;2020-10-05-2020-10-11;0;113
200040715;2020-10-05-2020-10-11;0;423.4
200046977;2020-10-05-2020-10-11;0;381.9
200054781;2020-10-05-2020-10-11;0;352.3
200054807;2020-10-05-2020-10-11;0;235.9
242100410;2020-10-05-2020-10-11;0;185
242900314;2020-10-05-2020-10-11;0;83.2
243100518;2020-10-05-2020-10-11;0;268.5
243300316;2020-10-05-2020-10-11;0;140
243400017;2020-10-05-2020-10-11;0;243.9
243500139;2020-10-05-2020-10-11;0;138.6
243700754;2020-10-05-2020-10-11;0;180.8
244200770;2020-10-05-2020-10-11;0;512.5
244400404;2020-10-05-2020-10-11;0;148.4
244500468;2020-10-05-2020-10-11;0;190.7
245400676;2020-10-05-2020-10-11;0;123.5
245900410;2020-10-05-2020-10-11;0;504.5
246300701;2020-10-05-2020-10-11;0;245.4
246700488;2020-10-05-2020-10-11;0;144.5
248300543;2020-10-05-2020-10-11;0;107.5
200023414;2020-10-06-2020-10-12;0;275.1
200030195;2020-10-06-2020-10-12;0;125.5
200039865;2020-10-06-2020-10-12;0;132.5
200040715;2020-10-06-2020-10-12;0;447.4
200046977;2020-10-06-2020-10-12;0;425.6
200054781;2020-10-06-2020-10-12;0;366.2
200054807;2020-10-06-2020-10-12;0;245.9
242100410;2020-10-06-2020-10-12;0;190.7
242900314;2020-10-06-2020-10-12;0;95.4
243100518;2020-10-06-2020-10-12;0;283.1
243300316;2020-10-06-2020-10-12;0;143.2
243400017;2020-10-06-2020-10-12;0;261.6
243500139;2020-10-06-2020-10-12;0;137.5
243700754;2020-10-06-2020-10-12;0;193.7
244200770;2020-10-06-2020-10-12;0;571.7
244400404;2020-10-06-2020-10-12;0;149.3
244500468;2020-10-06-2020-10-12;0;194
245400676;2020-10-06-2020-10-12;0;142.6
245900410;2020-10-06-2020-10-12;0;548.1
246300701;2020-10-06-2020-10-12;0;269.8
246700488;2020-10-06-2020-10-12;0;161.5
248300543;2020-10-06-2020-10-12;0;119.3
200023414;2020-10-07-2020-10-13;0;276.9
200030195;2020-10-07-2020-10-13;0;136.5
200039865;2020-10-07-2020-10-13;0;138
200040715;2020-10-07-2020-10-13;0;457.8
200046977;2020-10-07-2020-10-13;0;465.5
200054781;2020-10-07-2020-10-13;0;374.2
200054807;2020-10-07-2020-10-13;0;260.9
242100410;2020-10-07-2020-10-13;0;206.1
242900314;2020-10-07-2020-10-13;0;91.7
243100518;2020-10-07-2020-10-13;0;305.2
243300316;2020-10-07-2020-10-13;0;143.8
243400017;2020-10-07-2020-10-13;0;274
243500139;2020-10-07-2020-10-13;0;135.5
243700754;2020-10-07-2020-10-13;0;210.8
244200770;2020-10-07-2020-10-13;0;627
244400404;2020-10-07-2020-10-13;0;156.4
244500468;2020-10-07-2020-10-13;0;193.4
245400676;2020-10-07-2020-10-13;0;156.2
245900410;2020-10-07-2020-10-13;0;580.4
246300701;2020-10-07-2020-10-13;0;281.7
246700488;2020-10-07-2020-10-13;0;173.8
248300543;2020-10-07-2020-10-13;0;127.1
200023414;2020-10-08-2020-10-14;0;271.7
200030195;2020-10-08-2020-10-14;0;152.1
200039865;2020-10-08-2020-10-14;0;156.9
200040715;2020-10-08-2020-10-14;0;486.6
200046977;2020-10-08-2020-10-14;0;503.4
200054781;2020-10-08-2020-10-14;0;377.6
200054807;2020-10-08-2020-10-14;0;275.6
242100410;2020-10-08-2020-10-14;0;212.3
242900314;2020-10-08-2020-10-14;0;102.7
243100518;2020-10-08-2020-10-14;0;307.6
243300316;2020-10-08-2020-10-14;0;141.2
243400017;2020-10-08-2020-10-14;0;283.4
243500139;2020-10-08-2020-10-14;0;138
243700754;2020-10-08-2020-10-14;0;223.2
244200770;2020-10-08-2020-10-14;0;690.7
244400404;2020-10-08-2020-10-14;0;163.3
244500468;2020-10-08-2020-10-14;0;226.9
245400676;2020-10-08-2020-10-14;0;173.3
245900410;2020-10-08-2020-10-14;0;618.2
246300701;2020-10-08-2020-10-14;0;298.8
246700488;2020-10-08-2020-10-14;0;195.4
248300543;2020-10-08-2020-10-14;0;133.7
200023414;2020-10-09-2020-10-15;0;274.8
200030195;2020-10-09-2020-10-15;0;150.5
200039865;2020-10-09-2020-10-15;0;168.5
200040715;2020-10-09-2020-10-15;0;501.8
200046977;2020-10-09-2020-10-15;0;543
200054781;2020-10-09-2020-10-15;0;379
200054807;2020-10-09-2020-10-15;0;295.9
242100410;2020-10-09-2020-10-15;0;224
242900314;2020-10-09-2020-10-15;0;109.1
243100518;2020-10-09-2020-10-15;0;324.9
243300316;2020-10-09-2020-10-15;0;142.2
243400017;2020-10-09-2020-10-15;0;300.1
243500139;2020-10-09-2020-10-15;0;143.5
243700754;2020-10-09-2020-10-15;0;223.7
244200770;2020-10-09-2020-10-15;0;743.3
244400404;2020-10-09-2020-10-15;0;175.3
244500468;2020-10-09-2020-10-15;0;231
245400676;2020-10-09-2020-10-15;0;180.2
245900410;2020-10-09-2020-10-15;0;656.1
246300701;2020-10-09-2020-10-15;0;313.8
246700488;2020-10-09-2020-10-15;0;226.9
248300543;2020-10-09-2020-10-15;0;151.9
200023414;2020-10-10-2020-10-16;0;289.7
200030195;2020-10-10-2020-10-16;0;161.6
200039865;2020-10-10-2020-10-16;0;182.1
200040715;2020-10-10-2020-10-16;0;522.6
200046977;2020-10-10-2020-10-16;0;585.4
200054781;2020-10-10-2020-10-16;0;380.1
200054807;2020-10-10-2020-10-16;0;311.3
242100410;2020-10-10-2020-10-16;0;240.7
242900314;2020-10-10-2020-10-16;0;109.3
243100518;2020-10-10-2020-10-16;0;339
243300316;2020-10-10-2020-10-16;0;144.4
243400017;2020-10-10-2020-10-16;0;303.4
243500139;2020-10-10-2020-10-16;0;151.7
243700754;2020-10-10-2020-10-16;0;239.3
244200770;2020-10-10-2020-10-16;0;782
244400404;2020-10-10-2020-10-16;0;195.6
244500468;2020-10-10-2020-10-16;0;235.8
245400676;2020-10-10-2020-10-16;0;194.3
245900410;2020-10-10-2020-10-16;0;679.6
246300701;2020-10-10-2020-10-16;0;326.7
246700488;2020-10-10-2020-10-16;0;249.3
248300543;2020-10-10-2020-10-16;0;176.3
200023414;2020-10-11-2020-10-17;0;283.7
200030195;2020-10-11-2020-10-17;0;162.3
200039865;2020-10-11-2020-10-17;0;183.7
200040715;2020-10-11-2020-10-17;0;516.2
200046977;2020-10-11-2020-10-17;0;596
200054781;2020-10-11-2020-10-17;0;378.3
200054807;2020-10-11-2020-10-17;0;316.4
242100410;2020-10-11-2020-10-17;0;249.4
242900314;2020-10-11-2020-10-17;0;104.5
243100518;2020-10-11-2020-10-17;0;346.6
243300316;2020-10-11-2020-10-17;0;143.2
243400017;2020-10-11-2020-10-17;0;304.9
243500139;2020-10-11-2020-10-17;0;157.8
243700754;2020-10-11-2020-10-17;0;237.4
244200770;2020-10-11-2020-10-17;0;798.5
244400404;2020-10-11-2020-10-17;0;202.5
244500468;2020-10-11-2020-10-17;0;233.1
245400676;2020-10-11-2020-10-17;0;199.7
245900410;2020-10-11-2020-10-17;0;683.3
246300701;2020-10-11-2020-10-17;0;333.2
246700488;2020-10-11-2020-10-17;0;256.4
248300543;2020-10-11-2020-10-17;0;182.9
200023414;2020-09-20-2020-09-26;65;79.7
200030195;2020-09-20-2020-09-26;65;46.9
200039865;2020-09-20-2020-09-26;65;45.7
200040715;2020-09-20-2020-09-26;65;126
200046977;2020-09-20-2020-09-26;65;139
200054781;2020-09-20-2020-09-26;65;108.9
200054807;2020-09-20-2020-09-26;65;148.2
242100410;2020-09-20-2020-09-26;65;73.1
242900314;2020-09-20-2020-09-26;65;23.7
243100518;2020-09-20-2020-09-26;65;131.6
243300316;2020-09-20-2020-09-26;65;58
243400017;2020-09-20-2020-09-26;65;79.8
243500139;2020-09-20-2020-09-26;65;31.2
243700754;2020-09-20-2020-09-26;65;44.3
244200770;2020-09-20-2020-09-26;65;145.4
244400404;2020-09-20-2020-09-26;65;56.6
244500468;2020-09-20-2020-09-26;65;68.1
245400676;2020-09-20-2020-09-26;65;22.8
245900410;2020-09-20-2020-09-26;65;142.9
246300701;2020-09-20-2020-09-26;65;57.1
246700488;2020-09-20-2020-09-26;65;22.9
248300543;2020-09-20-2020-09-26;65;40.9
200023414;2020-09-21-2020-09-27;65;82.5
200030195;2020-09-21-2020-09-27;65;46.9
200039865;2020-09-21-2020-09-27;65;45.7
200040715;2020-09-21-2020-09-27;65;123.6
200046977;2020-09-21-2020-09-27;65;140.6
200054781;2020-09-21-2020-09-27;65;109.4
200054807;2020-09-21-2020-09-27;65;148
242100410;2020-09-21-2020-09-27;65;71.3
242900314;2020-09-21-2020-09-27;65;23.7
243100518;2020-09-21-2020-09-27;65;131.6
243300316;2020-09-21-2020-09-27;65;57.3
243400017;2020-09-21-2020-09-27;65;82.2
243500139;2020-09-21-2020-09-27;65;31.2
243700754;2020-09-21-2020-09-27;65;44.3
244200770;2020-09-21-2020-09-27;65;147.6
244400404;2020-09-21-2020-09-27;65;54.8
244500468;2020-09-21-2020-09-27;65;73.9
245400676;2020-09-21-2020-09-27;65;23.5
245900410;2020-09-21-2020-09-27;65;147.6
246300701;2020-09-21-2020-09-27;65;54.9
246700488;2020-09-21-2020-09-27;65;24
248300543;2020-09-21-2020-09-27;65;40.9
200023414;2020-09-22-2020-09-28;65;92.5
200030195;2020-09-22-2020-09-28;65;45.4
200039865;2020-09-22-2020-09-28;65;39.1
200040715;2020-09-22-2020-09-28;65;121.2
200046977;2020-09-22-2020-09-28;65;126.1
200054781;2020-09-22-2020-09-28;65;106.4
200054807;2020-09-22-2020-09-28;65;145.2
242100410;2020-09-22-2020-09-28;65;65.8
242900314;2020-09-22-2020-09-28;65;26.2
243100518;2020-09-22-2020-09-28;65;134.9
243300316;2020-09-22-2020-09-28;65;63.6
243400017;2020-09-22-2020-09-28;65;83
243500139;2020-09-22-2020-09-28;65;30.1
243700754;2020-09-22-2020-09-28;65;37.1
244200770;2020-09-22-2020-09-28;65;147.2
244400404;2020-09-22-2020-09-28;65;46.7
244500468;2020-09-22-2020-09-28;65;64.8
245400676;2020-09-22-2020-09-28;65;31.7
245900410;2020-09-22-2020-09-28;65;155.7
246300701;2020-09-22-2020-09-28;65;55.9
246700488;2020-09-22-2020-09-28;65;22.9
248300543;2020-09-22-2020-09-28;65;36
200023414;2020-09-23-2020-09-29;65;88.8
200030195;2020-09-23-2020-09-29;65;49.9
200039865;2020-09-23-2020-09-29;65;22.9
200040715;2020-09-23-2020-09-29;65;108.1
200046977;2020-09-23-2020-09-29;65;129.1
200054781;2020-09-23-2020-09-29;65;105
200054807;2020-09-23-2020-09-29;65;142.9
242100410;2020-09-23-2020-09-29;65;71.5
242900314;2020-09-23-2020-09-29;65;28.7
243100518;2020-09-23-2020-09-29;65;130.1
243300316;2020-09-23-2020-09-29;65;57.8
243400017;2020-09-23-2020-09-29;65;93.5
243500139;2020-09-23-2020-09-29;65;26.8
243700754;2020-09-23-2020-09-29;65;40.2
244200770;2020-09-23-2020-09-29;65;148.7
244400404;2020-09-23-2020-09-29;65;40.7
244500468;2020-09-23-2020-09-29;65;73.2
245400676;2020-09-23-2020-09-29;65;34.5
245900410;2020-09-23-2020-09-29;65;166.4
246300701;2020-09-23-2020-09-29;65;52.1
246700488;2020-09-23-2020-09-29;65;22.9
248300543;2020-09-23-2020-09-29;65;35.1
200023414;2020-09-24-2020-09-30;65;92.4
200030195;2020-09-24-2020-09-30;65;52.9
200039865;2020-09-24-2020-09-30;65;13.9
200040715;2020-09-24-2020-09-30;65;108.1
200046977;2020-09-24-2020-09-30;65;136.4
200054781;2020-09-24-2020-09-30;65;105.7
200054807;2020-09-24-2020-09-30;65;137
242100410;2020-09-24-2020-09-30;65;73.5
242900314;2020-09-24-2020-09-30;65;28.7
243100518;2020-09-24-2020-09-30;65;123.5
243300316;2020-09-24-2020-09-30;65;52.8
243400017;2020-09-24-2020-09-30;65;94.8
243500139;2020-09-24-2020-09-30;65;25.4
243700754;2020-09-24-2020-09-30;65;38.6
244200770;2020-09-24-2020-09-30;65;165.1
244400404;2020-09-24-2020-09-30;65;37.7
244500468;2020-09-24-2020-09-30;65;74.3
245400676;2020-09-24-2020-09-30;65;36.6
245900410;2020-09-24-2020-09-30;65;179.8
246300701;2020-09-24-2020-09-30;65;56.9
246700488;2020-09-24-2020-09-30;65;20.6
248300543;2020-09-24-2020-09-30;65;37.3
200023414;2020-09-25-2020-10-01;65;100.5
200030195;2020-09-25-2020-10-01;65;52.2
200039865;2020-09-25-2020-10-01;65;23.6
200040715;2020-09-25-2020-10-01;65;110.1
200046977;2020-09-25-2020-10-01;65;128.1
200054781;2020-09-25-2020-10-01;65;106.4
200054807;2020-09-25-2020-10-01;65;136.2
242100410;2020-09-25-2020-10-01;65;75.4
242900314;2020-09-25-2020-10-01;65;28.2
243100518;2020-09-25-2020-10-01;65;111.1
243300316;2020-09-25-2020-10-01;65;54.9
243400017;2020-09-25-2020-10-01;65;91.2
243500139;2020-09-25-2020-10-01;65;34.2
243700754;2020-09-25-2020-10-01;65;33.9
244200770;2020-09-25-2020-10-01;65;164.7
244400404;2020-09-25-2020-10-01;65;40
244500468;2020-09-25-2020-10-01;65;82
245400676;2020-09-25-2020-10-01;65;35.2
245900410;2020-09-25-2020-10-01;65;209.3
246300701;2020-09-25-2020-10-01;65;60.9
246700488;2020-09-25-2020-10-01;65;18.8
248300543;2020-09-25-2020-10-01;65;32
200023414;2020-09-26-2020-10-02;65;117.1
200030195;2020-09-26-2020-10-02;65;53.7
200039865;2020-09-26-2020-10-02;65;25.9
200040715;2020-09-26-2020-10-02;65;107.7
200046977;2020-09-26-2020-10-02;65;135.6
200054781;2020-09-26-2020-10-02;65;111.5
200054807;2020-09-26-2020-10-02;65;134.5
242100410;2020-09-26-2020-10-02;65;63.6
242900314;2020-09-26-2020-10-02;65;30.8
243100518;2020-09-26-2020-10-02;65;124.2
243300316;2020-09-26-2020-10-02;65;54.5
243400017;2020-09-26-2020-10-02;65;143.8
243500139;2020-09-26-2020-10-02;65;34.7
243700754;2020-09-26-2020-10-02;65;38.6
244200770;2020-09-26-2020-10-02;65;178.3
244400404;2020-09-26-2020-10-02;65;48.3
244500468;2020-09-26-2020-10-02;65;75.3
245400676;2020-09-26-2020-10-02;65;34.5
245900410;2020-09-26-2020-10-02;65;250.3
246300701;2020-09-26-2020-10-02;65;66.3
246700488;2020-09-26-2020-10-02;65;19.9
248300543;2020-09-26-2020-10-02;65;38.5
200023414;2020-09-27-2020-10-03;65;121
200030195;2020-09-27-2020-10-03;65;56
200039865;2020-09-27-2020-10-03;65;25.9
200040715;2020-09-27-2020-10-03;65;110.9
200046977;2020-09-27-2020-10-03;65;136.7
200054781;2020-09-27-2020-10-03;65;117.1
200054807;2020-09-27-2020-10-03;65;135.2
242100410;2020-09-27-2020-10-03;65;66.7
242900314;2020-09-27-2020-10-03;65;25.7
243100518;2020-09-27-2020-10-03;65;131.6
243300316;2020-09-27-2020-10-03;65;55.2
243400017;2020-09-27-2020-10-03;65;188.5
243500139;2020-09-27-2020-10-03;65;34.7
243700754;2020-09-27-2020-10-03;65;43.4
244200770;2020-09-27-2020-10-03;65;179.4
244400404;2020-09-27-2020-10-03;65;55.4
244500468;2020-09-27-2020-10-03;65;80.6
245400676;2020-09-27-2020-10-03;65;42.8
245900410;2020-09-27-2020-10-03;65;257
246300701;2020-09-27-2020-10-03;65;59.9
246700488;2020-09-27-2020-10-03;65;24.5
248300543;2020-09-27-2020-10-03;65;39.4
200023414;2020-09-28-2020-10-04;65;118.9
200030195;2020-09-28-2020-10-04;65;56
200039865;2020-09-28-2020-10-04;65;25.9
200040715;2020-09-28-2020-10-04;65;113.2
200046977;2020-09-28-2020-10-04;65;138.5
200054781;2020-09-28-2020-10-04;65;118.7
200054807;2020-09-28-2020-10-04;65;135.4
242100410;2020-09-28-2020-10-04;65;64.7
242900314;2020-09-28-2020-10-04;65;25.7
243100518;2020-09-28-2020-10-04;65;133.4
243300316;2020-09-28-2020-10-04;65;52.9
243400017;2020-09-28-2020-10-04;65;188
243500139;2020-09-28-2020-10-04;65;33.3
243700754;2020-09-28-2020-10-04;65;45
244200770;2020-09-28-2020-10-04;65;180.5
244400404;2020-09-28-2020-10-04;65;57.3
244500468;2020-09-28-2020-10-04;65;77.5
245400676;2020-09-28-2020-10-04;65;43.5
245900410;2020-09-28-2020-10-04;65;259.6
246300701;2020-09-28-2020-10-04;65;61.5
246700488;2020-09-28-2020-10-04;65;24.5
248300543;2020-09-28-2020-10-04;65;41.1
200023414;2020-09-29-2020-10-05;65;111.9
200030195;2020-09-29-2020-10-05;65;62
200039865;2020-09-29-2020-10-05;65;25.9
200040715;2020-09-29-2020-10-05;65;133.5
200046977;2020-09-29-2020-10-05;65;157
200054781;2020-09-29-2020-10-05;65;132.2
200054807;2020-09-29-2020-10-05;65;142.9
242100410;2020-09-29-2020-10-05;65;68.7
242900314;2020-09-29-2020-10-05;65;34.2
243100518;2020-09-29-2020-10-05;65;124.7
243300316;2020-09-29-2020-10-05;65;53.1
243400017;2020-09-29-2020-10-05;65;198.9
243500139;2020-09-29-2020-10-05;65;38.9
243700754;2020-09-29-2020-10-05;65;55.3
244200770;2020-09-29-2020-10-05;65;217.1
244400404;2020-09-29-2020-10-05;65;61.8
244500468;2020-09-29-2020-10-05;65;77.5
245400676;2020-09-29-2020-10-05;65;48.4
245900410;2020-09-29-2020-10-05;65;285.5
246300701;2020-09-29-2020-10-05;65;103.1
246700488;2020-09-29-2020-10-05;65;30.3
248300543;2020-09-29-2020-10-05;65;55.6
200023414;2020-09-30-2020-10-06;65;143.7
200030195;2020-09-30-2020-10-06;65;61
200039865;2020-09-30-2020-10-06;65;39.8
200040715;2020-09-30-2020-10-06;65;178
200046977;2020-09-30-2020-10-06;65;182.2
200054781;2020-09-30-2020-10-06;65;142.8
200054807;2020-09-30-2020-10-06;65;158.5
242100410;2020-09-30-2020-10-06;65;70.8
242900314;2020-09-30-2020-10-06;65;34.7
243100518;2020-09-30-2020-10-06;65;131.8
243300316;2020-09-30-2020-10-06;65;66.8
243400017;2020-09-30-2020-10-06;65;210.3
243500139;2020-09-30-2020-10-06;65;40.3
243700754;2020-09-30-2020-10-06;65;68
244200770;2020-09-30-2020-10-06;65;230.5
244400404;2020-09-30-2020-10-06;65;73.8
244500468;2020-09-30-2020-10-06;65;67.7
245400676;2020-09-30-2020-10-06;65;56.7
245900410;2020-09-30-2020-10-06;65;314.1
246300701;2020-09-30-2020-10-06;65;125.6
246700488;2020-09-30-2020-10-06;65;37.1
248300543;2020-09-30-2020-10-06;65;63.4
200023414;2020-10-01-2020-10-07;65;161.2
200030195;2020-10-01-2020-10-07;65;64
200039865;2020-10-01-2020-10-07;65;42.1
200040715;2020-10-01-2020-10-07;65;203
200046977;2020-10-01-2020-10-07;65;197.6
200054781;2020-10-01-2020-10-07;65;152.6
200054807;2020-10-01-2020-10-07;65;165
242100410;2020-10-01-2020-10-07;65;78.6
242900314;2020-10-01-2020-10-07;65;34.7
243100518;2020-10-01-2020-10-07;65;142.1
243300316;2020-10-01-2020-10-07;65;72.4
243400017;2020-10-01-2020-10-07;65;230.8
243500139;2020-10-01-2020-10-07;65;41.7
243700754;2020-10-01-2020-10-07;65;68
244200770;2020-10-01-2020-10-07;65;238.7
244400404;2020-10-01-2020-10-07;65;83.7
244500468;2020-10-01-2020-10-07;65;60.5
245400676;2020-10-01-2020-10-07;65;49.7
245900410;2020-10-01-2020-10-07;65;329.9
246300701;2020-10-01-2020-10-07;65;127.9
246700488;2020-10-01-2020-10-07;65;47.4
248300543;2020-10-01-2020-10-07;65;66.5
200023414;2020-10-02-2020-10-08;65;167.3
200030195;2020-10-02-2020-10-08;65;82.5
200039865;2020-10-02-2020-10-08;65;39.1
200040715;2020-10-02-2020-10-08;65;222
200046977;2020-10-02-2020-10-08;65;217.5
200054781;2020-10-02-2020-10-08;65;165.7
200054807;2020-10-02-2020-10-08;65;163.2
242100410;2020-10-02-2020-10-08;65;78.6
242900314;2020-10-02-2020-10-08;65;34.7
243100518;2020-10-02-2020-10-08;65;147.9
243300316;2020-10-02-2020-10-08;65;72.7
243400017;2020-10-02-2020-10-08;65;246.9
243500139;2020-10-02-2020-10-08;65;37
243700754;2020-10-02-2020-10-08;65;75.8
244200770;2020-10-02-2020-10-08;65;259.1
244400404;2020-10-02-2020-10-08;65;82.2
244500468;2020-10-02-2020-10-08;65;48.7
245400676;2020-10-02-2020-10-08;65;67
245900410;2020-10-02-2020-10-08;65;343.3
246300701;2020-10-02-2020-10-08;65;138.1
246700488;2020-10-02-2020-10-08;65;51.5
248300543;2020-10-02-2020-10-08;65;72.1
200023414;2020-10-03-2020-10-09;65;154.7
200030195;2020-10-03-2020-10-09;65;91.2
200039865;2020-10-03-2020-10-09;65;50.9
200040715;2020-10-03-2020-10-09;65;244.7
200046977;2020-10-03-2020-10-09;65;232.7
200054781;2020-10-03-2020-10-09;65;179.4
200054807;2020-10-03-2020-10-09;65;174.1
242100410;2020-10-03-2020-10-09;65;96.3
242900314;2020-10-03-2020-10-09;65;34.7
243100518;2020-10-03-2020-10-09;65;148.7
243300316;2020-10-03-2020-10-09;65;78.6
243400017;2020-10-03-2020-10-09;65;233.6
243500139;2020-10-03-2020-10-09;65;42.5
243700754;2020-10-03-2020-10-09;65;82.1
244200770;2020-10-03-2020-10-09;65;331.9
244400404;2020-10-03-2020-10-09;65;77.4
244500468;2020-10-03-2020-10-09;65;59
245400676;2020-10-03-2020-10-09;65;77.2
245900410;2020-10-03-2020-10-09;65;359.5
246300701;2020-10-03-2020-10-09;65;160.4
246700488;2020-10-03-2020-10-09;65;61.2
248300543;2020-10-03-2020-10-09;65;75.2
200023414;2020-10-04-2020-10-10;65;164.4
200030195;2020-10-04-2020-10-10;65;89.7
200039865;2020-10-04-2020-10-10;65;55.5
200040715;2020-10-04-2020-10-10;65;248.3
200046977;2020-10-04-2020-10-10;65;238.6
200054781;2020-10-04-2020-10-10;65;181.1
200054807;2020-10-04-2020-10-10;65;177.2
242100410;2020-10-04-2020-10-10;65;106.1
242900314;2020-10-04-2020-10-10;65;32.2
243100518;2020-10-04-2020-10-10;65;150.4
243300316;2020-10-04-2020-10-10;65;84.4
243400017;2020-10-04-2020-10-10;65;204.3
243500139;2020-10-04-2020-10-10;65;44.5
243700754;2020-10-04-2020-10-10;65;86.9
244200770;2020-10-04-2020-10-10;65;358.4
244400404;2020-10-04-2020-10-10;65;73.5
244500468;2020-10-04-2020-10-10;65;61
245400676;2020-10-04-2020-10-10;65;71
245900410;2020-10-04-2020-10-10;65;384.2
246300701;2020-10-04-2020-10-10;65;181.6
246700488;2020-10-04-2020-10-10;65;65.7
248300543;2020-10-04-2020-10-10;65;77.8
200023414;2020-10-05-2020-10-11;65;183.7
200030195;2020-10-05-2020-10-11;65;91.2
200039865;2020-10-05-2020-10-11;65;56
200040715;2020-10-05-2020-10-11;65;248.3
200046977;2020-10-05-2020-10-11;65;243
200054781;2020-10-05-2020-10-11;65;183
200054807;2020-10-05-2020-10-11;65;176.2
242100410;2020-10-05-2020-10-11;65;106.1
242900314;2020-10-05-2020-10-11;65;29.6
243100518;2020-10-05-2020-10-11;65;149.1
243300316;2020-10-05-2020-10-11;65;85.3
243400017;2020-10-05-2020-10-11;65;207.5
243500139;2020-10-05-2020-10-11;65;47.3
243700754;2020-10-05-2020-10-11;65;86.9
244200770;2020-10-05-2020-10-11;65;373
244400404;2020-10-05-2020-10-11;65;71.2
244500468;2020-10-05-2020-10-11;65;66.7
245400676;2020-10-05-2020-10-11;65;70.3
245900410;2020-10-05-2020-10-11;65;399.6
246300701;2020-10-05-2020-10-11;65;214.4
246700488;2020-10-05-2020-10-11;65;65.7
248300543;2020-10-05-2020-10-11;65;76.9
200023414;2020-10-06-2020-10-12;65;189.2
200030195;2020-10-06-2020-10-12;65;107.8
200039865;2020-10-06-2020-10-12;65;75.2
200040715;2020-10-06-2020-10-12;65;286.3
200046977;2020-10-06-2020-10-12;65;276.1
200054781;2020-10-06-2020-10-12;65;194.8
200054807;2020-10-06-2020-10-12;65;183.6
242100410;2020-10-06-2020-10-12;65;116
242900314;2020-10-06-2020-10-12;65;23.7
243100518;2020-10-06-2020-10-12;65;177.9
243300316;2020-10-06-2020-10-12;65;85.3
243400017;2020-10-06-2020-10-12;65;238
243500139;2020-10-06-2020-10-12;65;57.4
243700754;2020-10-06-2020-10-12;65;96.3
244200770;2020-10-06-2020-10-12;65;430.2
244400404;2020-10-06-2020-10-12;65;74.7
244500468;2020-10-06-2020-10-12;65;71.7
245400676;2020-10-06-2020-10-12;65;67.5
245900410;2020-10-06-2020-10-12;65;451.6
246300701;2020-10-06-2020-10-12;65;240.8
246700488;2020-10-06-2020-10-12;65;72.6
248300543;2020-10-06-2020-10-12;65;85.1
200023414;2020-10-07-2020-10-13;65;169.8
200030195;2020-10-07-2020-10-13;65;111.9
200039865;2020-10-07-2020-10-13;65;70.9
200040715;2020-10-07-2020-10-13;65;279.9
200046977;2020-10-07-2020-10-13;65;302.4
200054781;2020-10-07-2020-10-13;65;208.4
200054807;2020-10-07-2020-10-13;65;190.2
242100410;2020-10-07-2020-10-13;65;125.8
242900314;2020-10-07-2020-10-13;65;18.2
243100518;2020-10-07-2020-10-13;65;189.9
243300316;2020-10-07-2020-10-13;65;83.1
243400017;2020-10-07-2020-10-13;65;224.9
243500139;2020-10-07-2020-10-13;65;56.5
243700754;2020-10-07-2020-10-13;65;123.1
244200770;2020-10-07-2020-10-13;65;515.5
244400404;2020-10-07-2020-10-13;65;77.4
244500468;2020-10-07-2020-10-13;65;78.4
245400676;2020-10-07-2020-10-13;65;72.1
245900410;2020-10-07-2020-10-13;65;463.3
246300701;2020-10-07-2020-10-13;65;266.7
246700488;2020-10-07-2020-10-13;65;79.5
248300543;2020-10-07-2020-10-13;65;90.7
200023414;2020-10-08-2020-10-14;65;198
200030195;2020-10-08-2020-10-14;65;112.6
200039865;2020-10-08-2020-10-14;65;87
200040715;2020-10-08-2020-10-14;65;313.3
200046977;2020-10-08-2020-10-14;65;333.6
200054781;2020-10-08-2020-10-14;65;218.5
200054807;2020-10-08-2020-10-14;65;202.3
242100410;2020-10-08-2020-10-14;65;131.7
242900314;2020-10-08-2020-10-14;65;30.8
243100518;2020-10-08-2020-10-14;65;187.4
243300316;2020-10-08-2020-10-14;65;80.9
243400017;2020-10-08-2020-10-14;65;232.3
243500139;2020-10-08-2020-10-14;65;59.3
243700754;2020-10-08-2020-10-14;65;138.1
244200770;2020-10-08-2020-10-14;65;622.8
244400404;2020-10-08-2020-10-14;65;77.7
244500468;2020-10-08-2020-10-14;65;101
245400676;2020-10-08-2020-10-14;65;84.6
245900410;2020-10-08-2020-10-14;65;498
246300701;2020-10-08-2020-10-14;65;291.2
246700488;2020-10-08-2020-10-14;65;84.1
248300543;2020-10-08-2020-10-14;65;96.2
200023414;2020-10-09-2020-10-15;65;209
200030195;2020-10-09-2020-10-15;65;109.3
200039865;2020-10-09-2020-10-15;65;94
200040715;2020-10-09-2020-10-15;65;327.5
200046977;2020-10-09-2020-10-15;65;387.6
200054781;2020-10-09-2020-10-15;65;226
200054807;2020-10-09-2020-10-15;65;238
242100410;2020-10-09-2020-10-15;65;149.6
242900314;2020-10-09-2020-10-15;65;36.3
243100518;2020-10-09-2020-10-15;65;197.3
243300316;2020-10-09-2020-10-15;65;93.1
243400017;2020-10-09-2020-10-15;65;236.2
243500139;2020-10-09-2020-10-15;65;66.4
243700754;2020-10-09-2020-10-15;65;138.1
244200770;2020-10-09-2020-10-15;65;691
244400404;2020-10-09-2020-10-15;65;99.8
244500468;2020-10-09-2020-10-15;65;121.6
245400676;2020-10-09-2020-10-15;65;75
245900410;2020-10-09-2020-10-15;65;545.3
246300701;2020-10-09-2020-10-15;65;336.2
246700488;2020-10-09-2020-10-15;65;93.3
248300543;2020-10-09-2020-10-15;65;115
200023414;2020-10-10-2020-10-16;65;231
200030195;2020-10-10-2020-10-16;65;117
200039865;2020-10-10-2020-10-16;65;98.3
200040715;2020-10-10-2020-10-16;65;339.1
200046977;2020-10-10-2020-10-16;65;443
200054781;2020-10-10-2020-10-16;65;230.2
200054807;2020-10-10-2020-10-16;65;249.4
242100410;2020-10-10-2020-10-16;65;145.7
242900314;2020-10-10-2020-10-16;65;33.8
243100518;2020-10-10-2020-10-16;65;205.2
243300316;2020-10-10-2020-10-16;65;93
243400017;2020-10-10-2020-10-16;65;226.5
243500139;2020-10-10-2020-10-16;65;65.9
243700754;2020-10-10-2020-10-16;65;130.2
244200770;2020-10-10-2020-10-16;65;710.6
244400404;2020-10-10-2020-10-16;65;120.4
244500468;2020-10-10-2020-10-16;65;137
245400676;2020-10-10-2020-10-16;65;99.4
245900410;2020-10-10-2020-10-16;65;552.3
246300701;2020-10-10-2020-10-16;65;375.3
246700488;2020-10-10-2020-10-16;65;102
248300543;2020-10-10-2020-10-16;65;128.5
200023414;2020-10-11-2020-10-17;65;232.3
200030195;2020-10-11-2020-10-17;65;124.6
200039865;2020-10-11-2020-10-17;65;103.4
200040715;2020-10-11-2020-10-17;65;334
200046977;2020-10-11-2020-10-17;65;455.7
200054781;2020-10-11-2020-10-17;65;233.8
200054807;2020-10-11-2020-10-17;65;255.5
242100410;2020-10-11-2020-10-17;65;149.6
242900314;2020-10-11-2020-10-17;65;36.3
243100518;2020-10-11-2020-10-17;65;207.6
243300316;2020-10-11-2020-10-17;65;97.6
243400017;2020-10-11-2020-10-17;65;259.9
243500139;2020-10-11-2020-10-17;65;80.2
243700754;2020-10-11-2020-10-17;65;128.6
244200770;2020-10-11-2020-10-17;65;734.1
244400404;2020-10-11-2020-10-17;65;129.2
244500468;2020-10-11-2020-10-17;65;146.5
245400676;2020-10-11-2020-10-17;65;108.8
245900410;2020-10-11-2020-10-17;65;556.6
246300701;2020-10-11-2020-10-17;65;377.4
246700488;2020-10-11-2020-10-17;65;98.5
248300543;2020-10-11-2020-10-17;65;128.9
