,Afghanistan,Albania,Algeria,Andorra,Angola,Antigua and Barbuda,Argentina,Armenia,Australia,Austria,Azerbaijan,Bahamas,Bahrain,Bangladesh,Barbados,Belarus,Belgium,Belize,Benin,Bhutan,Bolivia,Bosnia and Herzegovina,Botswana,Brazil,Brunei,Bulgaria,Burkina Faso,Burma,Burundi,Cabo Verde,Cambodia,Cameroon,Canada,Central African Republic,Chad,Chile,China,Colombia,Comoros,Congo (Brazzaville),Congo (Kinshasa),Costa Rica,Cote d'Ivoire,Croatia,Cuba,Cyprus,Czechia,Denmark,Diamond Princess,Djibouti,Dominica,Dominican Republic,Ecuador,Egypt,El Salvador,Equatorial Guinea,Eritrea,Estonia,Eswatini,Ethiopia,Fiji,Finland,France,Gabon,Gambia,Georgia,Germany,Ghana,Greece,Grenada,Guatemala,Guinea,Guinea-Bissau,Guyana,Haiti,Holy See,Honduras,Hungary,Iceland,India,Indonesia,Iran,Iraq,Ireland,Israel,Italy,Jamaica,Japan,Jordan,Kazakhstan,Kenya,"Korea, South",Kosovo,Kuwait,Kyrgyzstan,Laos,Latvia,Lebanon,Liberia,Libya,Liechtenstein,Lithuania,Luxembourg,MS Zaandam,Madagascar,Malawi,Malaysia,Maldives,Mali,Malta,Mauritania,Mauritius,Mexico,Moldova,Monaco,Mongolia,Montenegro,Morocco,Mozambique,Namibia,Nepal,Netherlands,New Zealand,Nicaragua,Niger,Nigeria,North Macedonia,Norway,Oman,Pakistan,Panama,Papua New Guinea,Paraguay,Peru,Philippines,Poland,Portugal,Qatar,Romania,Russia,Rwanda,Saint Kitts and Nevis,Saint Lucia,Saint Vincent and the Grenadines,San Marino,Sao Tome and Principe,Saudi Arabia,Senegal,Serbia,Seychelles,Sierra Leone,Singapore,Slovakia,Slovenia,Somalia,South Africa,South Sudan,Spain,Sri Lanka,Sudan,Suriname,Sweden,Switzerland,Syria,Taiwan*,Tajikistan,Tanzania,Thailand,Timor-Leste,Togo,Trinidad and Tobago,Tunisia,Turkey,US,Uganda,Ukraine,United Arab Emirates,United Kingdom,Uruguay,Uzbekistan,Venezuela,Vietnam,West Bank and Gaza,Western Sahara,Yemen,Zambia,Zimbabwe,date,date_int
0,0.0,0.0,0.0,0.0,0.0,0.0,0.0,0.0,0.0,0.0,0.0,0.0,0.0,0.0,0.0,0.0,0.0,0.0,0.0,0.0,0.0,0.0,0.0,0.0,0.0,0.0,0.0,0.0,0.0,0.0,0.0,0.0,0.0,0.0,0.0,0.0,17.0,0.0,0.0,0.0,0.0,0.0,0.0,0.0,0.0,0.0,0.0,0.0,0.0,0.0,0.0,0.0,0.0,0.0,0.0,0.0,0.0,0.0,0.0,0.0,0.0,0.0,0.0,0.0,0.0,0.0,0.0,0.0,0.0,0.0,0.0,0.0,0.0,0.0,0.0,0.0,0.0,0.0,0.0,0.0,0.0,0.0,0.0,0.0,0.0,0.0,0.0,0.0,0.0,0.0,0.0,0.0,0.0,0.0,0.0,0.0,0.0,0.0,0.0,0.0,0.0,0.0,0.0,0.0,0.0,0.0,0.0,0.0,0.0,0.0,0.0,0.0,0.0,0.0,0.0,0.0,0.0,0.0,0.0,0.0,0.0,0.0,0.0,0.0,0.0,0.0,0.0,0.0,0.0,0.0,0.0,0.0,0.0,0.0,0.0,0.0,0.0,0.0,0.0,0.0,0.0,0.0,0.0,0.0,0.0,0.0,0.0,0.0,0.0,0.0,0.0,0.0,0.0,0.0,0.0,0.0,0.0,0.0,0.0,0.0,0.0,0.0,0.0,0.0,0.0,0.0,0.0,0.0,0.0,0.0,0.0,0.0,0.0,0.0,0.0,0.0,0.0,0.0,0.0,0.0,0.0,0.0,0.0,0.0,0.0,0.0,0.0,2020-01-22,0
1,0.0,0.0,0.0,0.0,0.0,0.0,0.0,0.0,0.0,0.0,0.0,0.0,0.0,0.0,0.0,0.0,0.0,0.0,0.0,0.0,0.0,0.0,0.0,0.0,0.0,0.0,0.0,0.0,0.0,0.0,0.0,0.0,0.0,0.0,0.0,0.0,18.0,0.0,0.0,0.0,0.0,0.0,0.0,0.0,0.0,0.0,0.0,0.0,0.0,0.0,0.0,0.0,0.0,0.0,0.0,0.0,0.0,0.0,0.0,0.0,0.0,0.0,0.0,0.0,0.0,0.0,0.0,0.0,0.0,0.0,0.0,0.0,0.0,0.0,0.0,0.0,0.0,0.0,0.0,0.0,0.0,0.0,0.0,0.0,0.0,0.0,0.0,0.0,0.0,0.0,0.0,0.0,0.0,0.0,0.0,0.0,0.0,0.0,0.0,0.0,0.0,0.0,0.0,0.0,0.0,0.0,0.0,0.0,0.0,0.0,0.0,0.0,0.0,0.0,0.0,0.0,0.0,0.0,0.0,0.0,0.0,0.0,0.0,0.0,0.0,0.0,0.0,0.0,0.0,0.0,0.0,0.0,0.0,0.0,0.0,0.0,0.0,0.0,0.0,0.0,0.0,0.0,0.0,0.0,0.0,0.0,0.0,0.0,0.0,0.0,0.0,0.0,0.0,0.0,0.0,0.0,0.0,0.0,0.0,0.0,0.0,0.0,0.0,0.0,0.0,0.0,0.0,0.0,0.0,0.0,0.0,0.0,0.0,0.0,0.0,0.0,0.0,0.0,0.0,0.0,0.0,0.0,0.0,0.0,0.0,0.0,0.0,2020-01-23,1
2,0.0,0.0,0.0,0.0,0.0,0.0,0.0,0.0,0.0,0.0,0.0,0.0,0.0,0.0,0.0,0.0,0.0,0.0,0.0,0.0,0.0,0.0,0.0,0.0,0.0,0.0,0.0,0.0,0.0,0.0,0.0,0.0,0.0,0.0,0.0,0.0,26.0,0.0,0.0,0.0,0.0,0.0,0.0,0.0,0.0,0.0,0.0,0.0,0.0,0.0,0.0,0.0,0.0,0.0,0.0,0.0,0.0,0.0,0.0,0.0,0.0,0.0,0.0,0.0,0.0,0.0,0.0,0.0,0.0,0.0,0.0,0.0,0.0,0.0,0.0,0.0,0.0,0.0,0.0,0.0,0.0,0.0,0.0,0.0,0.0,0.0,0.0,0.0,0.0,0.0,0.0,0.0,0.0,0.0,0.0,0.0,0.0,0.0,0.0,0.0,0.0,0.0,0.0,0.0,0.0,0.0,0.0,0.0,0.0,0.0,0.0,0.0,0.0,0.0,0.0,0.0,0.0,0.0,0.0,0.0,0.0,0.0,0.0,0.0,0.0,0.0,0.0,0.0,0.0,0.0,0.0,0.0,0.0,0.0,0.0,0.0,0.0,0.0,0.0,0.0,0.0,0.0,0.0,0.0,0.0,0.0,0.0,0.0,0.0,0.0,0.0,0.0,0.0,0.0,0.0,0.0,0.0,0.0,0.0,0.0,0.0,0.0,0.0,0.0,0.0,0.0,0.0,0.0,0.0,0.0,0.0,0.0,0.0,0.0,0.0,0.0,0.0,0.0,0.0,0.0,0.0,0.0,0.0,0.0,0.0,0.0,0.0,2020-01-24,2
3,0.0,0.0,0.0,0.0,0.0,0.0,0.0,0.0,0.0,0.0,0.0,0.0,0.0,0.0,0.0,0.0,0.0,0.0,0.0,0.0,0.0,0.0,0.0,0.0,0.0,0.0,0.0,0.0,0.0,0.0,0.0,0.0,0.0,0.0,0.0,0.0,42.0,0.0,0.0,0.0,0.0,0.0,0.0,0.0,0.0,0.0,0.0,0.0,0.0,0.0,0.0,0.0,0.0,0.0,0.0,0.0,0.0,0.0,0.0,0.0,0.0,0.0,0.0,0.0,0.0,0.0,0.0,0.0,0.0,0.0,0.0,0.0,0.0,0.0,0.0,0.0,0.0,0.0,0.0,0.0,0.0,0.0,0.0,0.0,0.0,0.0,0.0,0.0,0.0,0.0,0.0,0.0,0.0,0.0,0.0,0.0,0.0,0.0,0.0,0.0,0.0,0.0,0.0,0.0,0.0,0.0,0.0,0.0,0.0,0.0,0.0,0.0,0.0,0.0,0.0,0.0,0.0,0.0,0.0,0.0,0.0,0.0,0.0,0.0,0.0,0.0,0.0,0.0,0.0,0.0,0.0,0.0,0.0,0.0,0.0,0.0,0.0,0.0,0.0,0.0,0.0,0.0,0.0,0.0,0.0,0.0,0.0,0.0,0.0,0.0,0.0,0.0,0.0,0.0,0.0,0.0,0.0,0.0,0.0,0.0,0.0,0.0,0.0,0.0,0.0,0.0,0.0,0.0,0.0,0.0,0.0,0.0,0.0,0.0,0.0,0.0,0.0,0.0,0.0,0.0,0.0,0.0,0.0,0.0,0.0,0.0,0.0,2020-01-25,3
4,0.0,0.0,0.0,0.0,0.0,0.0,0.0,0.0,0.0,0.0,0.0,0.0,0.0,0.0,0.0,0.0,0.0,0.0,0.0,0.0,0.0,0.0,0.0,0.0,0.0,0.0,0.0,0.0,0.0,0.0,0.0,0.0,0.0,0.0,0.0,0.0,56.0,0.0,0.0,0.0,0.0,0.0,0.0,0.0,0.0,0.0,0.0,0.0,0.0,0.0,0.0,0.0,0.0,0.0,0.0,0.0,0.0,0.0,0.0,0.0,0.0,0.0,0.0,0.0,0.0,0.0,0.0,0.0,0.0,0.0,0.0,0.0,0.0,0.0,0.0,0.0,0.0,0.0,0.0,0.0,0.0,0.0,0.0,0.0,0.0,0.0,0.0,0.0,0.0,0.0,0.0,0.0,0.0,0.0,0.0,0.0,0.0,0.0,0.0,0.0,0.0,0.0,0.0,0.0,0.0,0.0,0.0,0.0,0.0,0.0,0.0,0.0,0.0,0.0,0.0,0.0,0.0,0.0,0.0,0.0,0.0,0.0,0.0,0.0,0.0,0.0,0.0,0.0,0.0,0.0,0.0,0.0,0.0,0.0,0.0,0.0,0.0,0.0,0.0,0.0,0.0,0.0,0.0,0.0,0.0,0.0,0.0,0.0,0.0,0.0,0.0,0.0,0.0,0.0,0.0,0.0,0.0,0.0,0.0,0.0,0.0,0.0,0.0,0.0,0.0,0.0,0.0,0.0,0.0,0.0,0.0,0.0,0.0,0.0,0.0,0.0,0.0,0.0,0.0,0.0,0.0,0.0,0.0,0.0,0.0,0.0,0.0,2020-01-26,4
5,0.0,0.0,0.0,0.0,0.0,0.0,0.0,0.0,0.0,0.0,0.0,0.0,0.0,0.0,0.0,0.0,0.0,0.0,0.0,0.0,0.0,0.0,0.0,0.0,0.0,0.0,0.0,0.0,0.0,0.0,0.0,0.0,0.0,0.0,0.0,0.0,82.0,0.0,0.0,0.0,0.0,0.0,0.0,0.0,0.0,0.0,0.0,0.0,0.0,0.0,0.0,0.0,0.0,0.0,0.0,0.0,0.0,0.0,0.0,0.0,0.0,0.0,0.0,0.0,0.0,0.0,0.0,0.0,0.0,0.0,0.0,0.0,0.0,0.0,0.0,0.0,0.0,0.0,0.0,0.0,0.0,0.0,0.0,0.0,0.0,0.0,0.0,0.0,0.0,0.0,0.0,0.0,0.0,0.0,0.0,0.0,0.0,0.0,0.0,0.0,0.0,0.0,0.0,0.0,0.0,0.0,0.0,0.0,0.0,0.0,0.0,0.0,0.0,0.0,0.0,0.0,0.0,0.0,0.0,0.0,0.0,0.0,0.0,0.0,0.0,0.0,0.0,0.0,0.0,0.0,0.0,0.0,0.0,0.0,0.0,0.0,0.0,0.0,0.0,0.0,0.0,0.0,0.0,0.0,0.0,0.0,0.0,0.0,0.0,0.0,0.0,0.0,0.0,0.0,0.0,0.0,0.0,0.0,0.0,0.0,0.0,0.0,0.0,0.0,0.0,0.0,0.0,0.0,0.0,0.0,0.0,0.0,0.0,0.0,0.0,0.0,0.0,0.0,0.0,0.0,0.0,0.0,0.0,0.0,0.0,0.0,0.0,2020-01-27,5
6,0.0,0.0,0.0,0.0,0.0,0.0,0.0,0.0,0.0,0.0,0.0,0.0,0.0,0.0,0.0,0.0,0.0,0.0,0.0,0.0,0.0,0.0,0.0,0.0,0.0,0.0,0.0,0.0,0.0,0.0,0.0,0.0,0.0,0.0,0.0,0.0,131.0,0.0,0.0,0.0,0.0,0.0,0.0,0.0,0.0,0.0,0.0,0.0,0.0,0.0,0.0,0.0,0.0,0.0,0.0,0.0,0.0,0.0,0.0,0.0,0.0,0.0,0.0,0.0,0.0,0.0,0.0,0.0,0.0,0.0,0.0,0.0,0.0,0.0,0.0,0.0,0.0,0.0,0.0,0.0,0.0,0.0,0.0,0.0,0.0,0.0,0.0,0.0,0.0,0.0,0.0,0.0,0.0,0.0,0.0,0.0,0.0,0.0,0.0,0.0,0.0,0.0,0.0,0.0,0.0,0.0,0.0,0.0,0.0,0.0,0.0,0.0,0.0,0.0,0.0,0.0,0.0,0.0,0.0,0.0,0.0,0.0,0.0,0.0,0.0,0.0,0.0,0.0,0.0,0.0,0.0,0.0,0.0,0.0,0.0,0.0,0.0,0.0,0.0,0.0,0.0,0.0,0.0,0.0,0.0,0.0,0.0,0.0,0.0,0.0,0.0,0.0,0.0,0.0,0.0,0.0,0.0,0.0,0.0,0.0,0.0,0.0,0.0,0.0,0.0,0.0,0.0,0.0,0.0,0.0,0.0,0.0,0.0,0.0,0.0,0.0,0.0,0.0,0.0,0.0,0.0,0.0,0.0,0.0,0.0,0.0,0.0,2020-01-28,6
7,0.0,0.0,0.0,0.0,0.0,0.0,0.0,0.0,0.0,0.0,0.0,0.0,0.0,0.0,0.0,0.0,0.0,0.0,0.0,0.0,0.0,0.0,0.0,0.0,0.0,0.0,0.0,0.0,0.0,0.0,0.0,0.0,0.0,0.0,0.0,0.0,133.0,0.0,0.0,0.0,0.0,0.0,0.0,0.0,0.0,0.0,0.0,0.0,0.0,0.0,0.0,0.0,0.0,0.0,0.0,0.0,0.0,0.0,0.0,0.0,0.0,0.0,0.0,0.0,0.0,0.0,0.0,0.0,0.0,0.0,0.0,0.0,0.0,0.0,0.0,0.0,0.0,0.0,0.0,0.0,0.0,0.0,0.0,0.0,0.0,0.0,0.0,0.0,0.0,0.0,0.0,0.0,0.0,0.0,0.0,0.0,0.0,0.0,0.0,0.0,0.0,0.0,0.0,0.0,0.0,0.0,0.0,0.0,0.0,0.0,0.0,0.0,0.0,0.0,0.0,0.0,0.0,0.0,0.0,0.0,0.0,0.0,0.0,0.0,0.0,0.0,0.0,0.0,0.0,0.0,0.0,0.0,0.0,0.0,0.0,0.0,0.0,0.0,0.0,0.0,0.0,0.0,0.0,0.0,0.0,0.0,0.0,0.0,0.0,0.0,0.0,0.0,0.0,0.0,0.0,0.0,0.0,0.0,0.0,0.0,0.0,0.0,0.0,0.0,0.0,0.0,0.0,0.0,0.0,0.0,0.0,0.0,0.0,0.0,0.0,0.0,0.0,0.0,0.0,0.0,0.0,0.0,0.0,0.0,0.0,0.0,0.0,2020-01-29,7
8,0.0,0.0,0.0,0.0,0.0,0.0,0.0,0.0,0.0,0.0,0.0,0.0,0.0,0.0,0.0,0.0,0.0,0.0,0.0,0.0,0.0,0.0,0.0,0.0,0.0,0.0,0.0,0.0,0.0,0.0,0.0,0.0,0.0,0.0,0.0,0.0,171.0,0.0,0.0,0.0,0.0,0.0,0.0,0.0,0.0,0.0,0.0,0.0,0.0,0.0,0.0,0.0,0.0,0.0,0.0,0.0,0.0,0.0,0.0,0.0,0.0,0.0,0.0,0.0,0.0,0.0,0.0,0.0,0.0,0.0,0.0,0.0,0.0,0.0,0.0,0.0,0.0,0.0,0.0,0.0,0.0,0.0,0.0,0.0,0.0,0.0,0.0,0.0,0.0,0.0,0.0,0.0,0.0,0.0,0.0,0.0,0.0,0.0,0.0,0.0,0.0,0.0,0.0,0.0,0.0,0.0,0.0,0.0,0.0,0.0,0.0,0.0,0.0,0.0,0.0,0.0,0.0,0.0,0.0,0.0,0.0,0.0,0.0,0.0,0.0,0.0,0.0,0.0,0.0,0.0,0.0,0.0,0.0,0.0,0.0,0.0,0.0,0.0,0.0,0.0,0.0,0.0,0.0,0.0,0.0,0.0,0.0,0.0,0.0,0.0,0.0,0.0,0.0,0.0,0.0,0.0,0.0,0.0,0.0,0.0,0.0,0.0,0.0,0.0,0.0,0.0,0.0,0.0,0.0,0.0,0.0,0.0,0.0,0.0,0.0,0.0,0.0,0.0,0.0,0.0,0.0,0.0,0.0,0.0,0.0,0.0,0.0,2020-01-30,8
9,0.0,0.0,0.0,0.0,0.0,0.0,0.0,0.0,0.0,0.0,0.0,0.0,0.0,0.0,0.0,0.0,0.0,0.0,0.0,0.0,0.0,0.0,0.0,0.0,0.0,0.0,0.0,0.0,0.0,0.0,0.0,0.0,0.0,0.0,0.0,0.0,213.0,0.0,0.0,0.0,0.0,0.0,0.0,0.0,0.0,0.0,0.0,0.0,0.0,0.0,0.0,0.0,0.0,0.0,0.0,0.0,0.0,0.0,0.0,0.0,0.0,0.0,0.0,0.0,0.0,0.0,0.0,0.0,0.0,0.0,0.0,0.0,0.0,0.0,0.0,0.0,0.0,0.0,0.0,0.0,0.0,0.0,0.0,0.0,0.0,0.0,0.0,0.0,0.0,0.0,0.0,0.0,0.0,0.0,0.0,0.0,0.0,0.0,0.0,0.0,0.0,0.0,0.0,0.0,0.0,0.0,0.0,0.0,0.0,0.0,0.0,0.0,0.0,0.0,0.0,0.0,0.0,0.0,0.0,0.0,0.0,0.0,0.0,0.0,0.0,0.0,0.0,0.0,0.0,0.0,0.0,0.0,0.0,0.0,0.0,0.0,0.0,0.0,0.0,0.0,0.0,0.0,0.0,0.0,0.0,0.0,0.0,0.0,0.0,0.0,0.0,0.0,0.0,0.0,0.0,0.0,0.0,0.0,0.0,0.0,0.0,0.0,0.0,0.0,0.0,0.0,0.0,0.0,0.0,0.0,0.0,0.0,0.0,0.0,0.0,0.0,0.0,0.0,0.0,0.0,0.0,0.0,0.0,0.0,0.0,0.0,0.0,2020-01-31,9
10,0.0,0.0,0.0,0.0,0.0,0.0,0.0,0.0,0.0,0.0,0.0,0.0,0.0,0.0,0.0,0.0,0.0,0.0,0.0,0.0,0.0,0.0,0.0,0.0,0.0,0.0,0.0,0.0,0.0,0.0,0.0,0.0,0.0,0.0,0.0,0.0,259.0,0.0,0.0,0.0,0.0,0.0,0.0,0.0,0.0,0.0,0.0,0.0,0.0,0.0,0.0,0.0,0.0,0.0,0.0,0.0,0.0,0.0,0.0,0.0,0.0,0.0,0.0,0.0,0.0,0.0,0.0,0.0,0.0,0.0,0.0,0.0,0.0,0.0,0.0,0.0,0.0,0.0,0.0,0.0,0.0,0.0,0.0,0.0,0.0,0.0,0.0,0.0,0.0,0.0,0.0,0.0,0.0,0.0,0.0,0.0,0.0,0.0,0.0,0.0,0.0,0.0,0.0,0.0,0.0,0.0,0.0,0.0,0.0,0.0,0.0,0.0,0.0,0.0,0.0,0.0,0.0,0.0,0.0,0.0,0.0,0.0,0.0,0.0,0.0,0.0,0.0,0.0,0.0,0.0,0.0,0.0,0.0,0.0,0.0,0.0,0.0,0.0,0.0,0.0,0.0,0.0,0.0,0.0,0.0,0.0,0.0,0.0,0.0,0.0,0.0,0.0,0.0,0.0,0.0,0.0,0.0,0.0,0.0,0.0,0.0,0.0,0.0,0.0,0.0,0.0,0.0,0.0,0.0,0.0,0.0,0.0,0.0,0.0,0.0,0.0,0.0,0.0,0.0,0.0,0.0,0.0,0.0,0.0,0.0,0.0,0.0,2020-02-01,10
11,0.0,0.0,0.0,0.0,0.0,0.0,0.0,0.0,0.0,0.0,0.0,0.0,0.0,0.0,0.0,0.0,0.0,0.0,0.0,0.0,0.0,0.0,0.0,0.0,0.0,0.0,0.0,0.0,0.0,0.0,0.0,0.0,0.0,0.0,0.0,0.0,361.0,0.0,0.0,0.0,0.0,0.0,0.0,0.0,0.0,0.0,0.0,0.0,0.0,0.0,0.0,0.0,0.0,0.0,0.0,0.0,0.0,0.0,0.0,0.0,0.0,0.0,0.0,0.0,0.0,0.0,0.0,0.0,0.0,0.0,0.0,0.0,0.0,0.0,0.0,0.0,0.0,0.0,0.0,0.0,0.0,0.0,0.0,0.0,0.0,0.0,0.0,0.0,0.0,0.0,0.0,0.0,0.0,0.0,0.0,0.0,0.0,0.0,0.0,0.0,0.0,0.0,0.0,0.0,0.0,0.0,0.0,0.0,0.0,0.0,0.0,0.0,0.0,0.0,0.0,0.0,0.0,0.0,0.0,0.0,0.0,0.0,0.0,0.0,0.0,0.0,0.0,0.0,0.0,0.0,0.0,0.0,0.0,0.0,1.0,0.0,0.0,0.0,0.0,0.0,0.0,0.0,0.0,0.0,0.0,0.0,0.0,0.0,0.0,0.0,0.0,0.0,0.0,0.0,0.0,0.0,0.0,0.0,0.0,0.0,0.0,0.0,0.0,0.0,0.0,0.0,0.0,0.0,0.0,0.0,0.0,0.0,0.0,0.0,0.0,0.0,0.0,0.0,0.0,0.0,0.0,0.0,0.0,0.0,0.0,0.0,0.0,2020-02-02,11
12,0.0,0.0,0.0,0.0,0.0,0.0,0.0,0.0,0.0,0.0,0.0,0.0,0.0,0.0,0.0,0.0,0.0,0.0,0.0,0.0,0.0,0.0,0.0,0.0,0.0,0.0,0.0,0.0,0.0,0.0,0.0,0.0,0.0,0.0,0.0,0.0,425.0,0.0,0.0,0.0,0.0,0.0,0.0,0.0,0.0,0.0,0.0,0.0,0.0,0.0,0.0,0.0,0.0,0.0,0.0,0.0,0.0,0.0,0.0,0.0,0.0,0.0,0.0,0.0,0.0,0.0,0.0,0.0,0.0,0.0,0.0,0.0,0.0,0.0,0.0,0.0,0.0,0.0,0.0,0.0,0.0,0.0,0.0,0.0,0.0,0.0,0.0,0.0,0.0,0.0,0.0,0.0,0.0,0.0,0.0,0.0,0.0,0.0,0.0,0.0,0.0,0.0,0.0,0.0,0.0,0.0,0.0,0.0,0.0,0.0,0.0,0.0,0.0,0.0,0.0,0.0,0.0,0.0,0.0,0.0,0.0,0.0,0.0,0.0,0.0,0.0,0.0,0.0,0.0,0.0,0.0,0.0,0.0,0.0,1.0,0.0,0.0,0.0,0.0,0.0,0.0,0.0,0.0,0.0,0.0,0.0,0.0,0.0,0.0,0.0,0.0,0.0,0.0,0.0,0.0,0.0,0.0,0.0,0.0,0.0,0.0,0.0,0.0,0.0,0.0,0.0,0.0,0.0,0.0,0.0,0.0,0.0,0.0,0.0,0.0,0.0,0.0,0.0,0.0,0.0,0.0,0.0,0.0,0.0,0.0,0.0,0.0,2020-02-03,12
13,0.0,0.0,0.0,0.0,0.0,0.0,0.0,0.0,0.0,0.0,0.0,0.0,0.0,0.0,0.0,0.0,0.0,0.0,0.0,0.0,0.0,0.0,0.0,0.0,0.0,0.0,0.0,0.0,0.0,0.0,0.0,0.0,0.0,0.0,0.0,0.0,491.0,0.0,0.0,0.0,0.0,0.0,0.0,0.0,0.0,0.0,0.0,0.0,0.0,0.0,0.0,0.0,0.0,0.0,0.0,0.0,0.0,0.0,0.0,0.0,0.0,0.0,0.0,0.0,0.0,0.0,0.0,0.0,0.0,0.0,0.0,0.0,0.0,0.0,0.0,0.0,0.0,0.0,0.0,0.0,0.0,0.0,0.0,0.0,0.0,0.0,0.0,0.0,0.0,0.0,0.0,0.0,0.0,0.0,0.0,0.0,0.0,0.0,0.0,0.0,0.0,0.0,0.0,0.0,0.0,0.0,0.0,0.0,0.0,0.0,0.0,0.0,0.0,0.0,0.0,0.0,0.0,0.0,0.0,0.0,0.0,0.0,0.0,0.0,0.0,0.0,0.0,0.0,0.0,0.0,0.0,0.0,0.0,0.0,1.0,0.0,0.0,0.0,0.0,0.0,0.0,0.0,0.0,0.0,0.0,0.0,0.0,0.0,0.0,0.0,0.0,0.0,0.0,0.0,0.0,0.0,0.0,0.0,0.0,0.0,0.0,0.0,0.0,0.0,0.0,0.0,0.0,0.0,0.0,0.0,0.0,0.0,0.0,0.0,0.0,0.0,0.0,0.0,0.0,0.0,0.0,0.0,0.0,0.0,0.0,0.0,0.0,2020-02-04,13
14,0.0,0.0,0.0,0.0,0.0,0.0,0.0,0.0,0.0,0.0,0.0,0.0,0.0,0.0,0.0,0.0,0.0,0.0,0.0,0.0,0.0,0.0,0.0,0.0,0.0,0.0,0.0,0.0,0.0,0.0,0.0,0.0,0.0,0.0,0.0,0.0,563.0,0.0,0.0,0.0,0.0,0.0,0.0,0.0,0.0,0.0,0.0,0.0,0.0,0.0,0.0,0.0,0.0,0.0,0.0,0.0,0.0,0.0,0.0,0.0,0.0,0.0,0.0,0.0,0.0,0.0,0.0,0.0,0.0,0.0,0.0,0.0,0.0,0.0,0.0,0.0,0.0,0.0,0.0,0.0,0.0,0.0,0.0,0.0,0.0,0.0,0.0,0.0,0.0,0.0,0.0,0.0,0.0,0.0,0.0,0.0,0.0,0.0,0.0,0.0,0.0,0.0,0.0,0.0,0.0,0.0,0.0,0.0,0.0,0.0,0.0,0.0,0.0,0.0,0.0,0.0,0.0,0.0,0.0,0.0,0.0,0.0,0.0,0.0,0.0,0.0,0.0,0.0,0.0,0.0,0.0,0.0,0.0,0.0,1.0,0.0,0.0,0.0,0.0,0.0,0.0,0.0,0.0,0.0,0.0,0.0,0.0,0.0,0.0,0.0,0.0,0.0,0.0,0.0,0.0,0.0,0.0,0.0,0.0,0.0,0.0,0.0,0.0,0.0,0.0,0.0,0.0,0.0,0.0,0.0,0.0,0.0,0.0,0.0,0.0,0.0,0.0,0.0,0.0,0.0,0.0,0.0,0.0,0.0,0.0,0.0,0.0,2020-02-05,14
15,0.0,0.0,0.0,0.0,0.0,0.0,0.0,0.0,0.0,0.0,0.0,0.0,0.0,0.0,0.0,0.0,0.0,0.0,0.0,0.0,0.0,0.0,0.0,0.0,0.0,0.0,0.0,0.0,0.0,0.0,0.0,0.0,0.0,0.0,0.0,0.0,633.0,0.0,0.0,0.0,0.0,0.0,0.0,0.0,0.0,0.0,0.0,0.0,0.0,0.0,0.0,0.0,0.0,0.0,0.0,0.0,0.0,0.0,0.0,0.0,0.0,0.0,0.0,0.0,0.0,0.0,0.0,0.0,0.0,0.0,0.0,0.0,0.0,0.0,0.0,0.0,0.0,0.0,0.0,0.0,0.0,0.0,0.0,0.0,0.0,0.0,0.0,0.0,0.0,0.0,0.0,0.0,0.0,0.0,0.0,0.0,0.0,0.0,0.0,0.0,0.0,0.0,0.0,0.0,0.0,0.0,0.0,0.0,0.0,0.0,0.0,0.0,0.0,0.0,0.0,0.0,0.0,0.0,0.0,0.0,0.0,0.0,0.0,0.0,0.0,0.0,0.0,0.0,0.0,0.0,0.0,0.0,0.0,0.0,1.0,0.0,0.0,0.0,0.0,0.0,0.0,0.0,0.0,0.0,0.0,0.0,0.0,0.0,0.0,0.0,0.0,0.0,0.0,0.0,0.0,0.0,0.0,0.0,0.0,0.0,0.0,0.0,0.0,0.0,0.0,0.0,0.0,0.0,0.0,0.0,0.0,0.0,0.0,0.0,0.0,0.0,0.0,0.0,0.0,0.0,0.0,0.0,0.0,0.0,0.0,0.0,0.0,2020-02-06,15
16,0.0,0.0,0.0,0.0,0.0,0.0,0.0,0.0,0.0,0.0,0.0,0.0,0.0,0.0,0.0,0.0,0.0,0.0,0.0,0.0,0.0,0.0,0.0,0.0,0.0,0.0,0.0,0.0,0.0,0.0,0.0,0.0,0.0,0.0,0.0,0.0,718.0,0.0,0.0,0.0,0.0,0.0,0.0,0.0,0.0,0.0,0.0,0.0,0.0,0.0,0.0,0.0,0.0,0.0,0.0,0.0,0.0,0.0,0.0,0.0,0.0,0.0,0.0,0.0,0.0,0.0,0.0,0.0,0.0,0.0,0.0,0.0,0.0,0.0,0.0,0.0,0.0,0.0,0.0,0.0,0.0,0.0,0.0,0.0,0.0,0.0,0.0,0.0,0.0,0.0,0.0,0.0,0.0,0.0,0.0,0.0,0.0,0.0,0.0,0.0,0.0,0.0,0.0,0.0,0.0,0.0,0.0,0.0,0.0,0.0,0.0,0.0,0.0,0.0,0.0,0.0,0.0,0.0,0.0,0.0,0.0,0.0,0.0,0.0,0.0,0.0,0.0,0.0,0.0,0.0,0.0,0.0,0.0,0.0,1.0,0.0,0.0,0.0,0.0,0.0,0.0,0.0,0.0,0.0,0.0,0.0,0.0,0.0,0.0,0.0,0.0,0.0,0.0,0.0,0.0,0.0,0.0,0.0,0.0,0.0,0.0,0.0,0.0,0.0,0.0,0.0,0.0,0.0,0.0,0.0,0.0,0.0,0.0,0.0,0.0,0.0,0.0,0.0,0.0,0.0,0.0,0.0,0.0,0.0,0.0,0.0,0.0,2020-02-07,16
17,0.0,0.0,0.0,0.0,0.0,0.0,0.0,0.0,0.0,0.0,0.0,0.0,0.0,0.0,0.0,0.0,0.0,0.0,0.0,0.0,0.0,0.0,0.0,0.0,0.0,0.0,0.0,0.0,0.0,0.0,0.0,0.0,0.0,0.0,0.0,0.0,805.0,0.0,0.0,0.0,0.0,0.0,0.0,0.0,0.0,0.0,0.0,0.0,0.0,0.0,0.0,0.0,0.0,0.0,0.0,0.0,0.0,0.0,0.0,0.0,0.0,0.0,0.0,0.0,0.0,0.0,0.0,0.0,0.0,0.0,0.0,0.0,0.0,0.0,0.0,0.0,0.0,0.0,0.0,0.0,0.0,0.0,0.0,0.0,0.0,0.0,0.0,0.0,0.0,0.0,0.0,0.0,0.0,0.0,0.0,0.0,0.0,0.0,0.0,0.0,0.0,0.0,0.0,0.0,0.0,0.0,0.0,0.0,0.0,0.0,0.0,0.0,0.0,0.0,0.0,0.0,0.0,0.0,0.0,0.0,0.0,0.0,0.0,0.0,0.0,0.0,0.0,0.0,0.0,0.0,0.0,0.0,0.0,0.0,1.0,0.0,0.0,0.0,0.0,0.0,0.0,0.0,0.0,0.0,0.0,0.0,0.0,0.0,0.0,0.0,0.0,0.0,0.0,0.0,0.0,0.0,0.0,0.0,0.0,0.0,0.0,0.0,0.0,0.0,0.0,0.0,0.0,0.0,0.0,0.0,0.0,0.0,0.0,0.0,0.0,0.0,0.0,0.0,0.0,0.0,0.0,0.0,0.0,0.0,0.0,0.0,0.0,2020-02-08,17
18,0.0,0.0,0.0,0.0,0.0,0.0,0.0,0.0,0.0,0.0,0.0,0.0,0.0,0.0,0.0,0.0,0.0,0.0,0.0,0.0,0.0,0.0,0.0,0.0,0.0,0.0,0.0,0.0,0.0,0.0,0.0,0.0,0.0,0.0,0.0,0.0,905.0,0.0,0.0,0.0,0.0,0.0,0.0,0.0,0.0,0.0,0.0,0.0,0.0,0.0,0.0,0.0,0.0,0.0,0.0,0.0,0.0,0.0,0.0,0.0,0.0,0.0,0.0,0.0,0.0,0.0,0.0,0.0,0.0,0.0,0.0,0.0,0.0,0.0,0.0,0.0,0.0,0.0,0.0,0.0,0.0,0.0,0.0,0.0,0.0,0.0,0.0,0.0,0.0,0.0,0.0,0.0,0.0,0.0,0.0,0.0,0.0,0.0,0.0,0.0,0.0,0.0,0.0,0.0,0.0,0.0,0.0,0.0,0.0,0.0,0.0,0.0,0.0,0.0,0.0,0.0,0.0,0.0,0.0,0.0,0.0,0.0,0.0,0.0,0.0,0.0,0.0,0.0,0.0,0.0,0.0,0.0,0.0,0.0,1.0,0.0,0.0,0.0,0.0,0.0,0.0,0.0,0.0,0.0,0.0,0.0,0.0,0.0,0.0,0.0,0.0,0.0,0.0,0.0,0.0,0.0,0.0,0.0,0.0,0.0,0.0,0.0,0.0,0.0,0.0,0.0,0.0,0.0,0.0,0.0,0.0,0.0,0.0,0.0,0.0,0.0,0.0,0.0,0.0,0.0,0.0,0.0,0.0,0.0,0.0,0.0,0.0,2020-02-09,18
19,0.0,0.0,0.0,0.0,0.0,0.0,0.0,0.0,0.0,0.0,0.0,0.0,0.0,0.0,0.0,0.0,0.0,0.0,0.0,0.0,0.0,0.0,0.0,0.0,0.0,0.0,0.0,0.0,0.0,0.0,0.0,0.0,0.0,0.0,0.0,0.0,1012.0,0.0,0.0,0.0,0.0,0.0,0.0,0.0,0.0,0.0,0.0,0.0,0.0,0.0,0.0,0.0,0.0,0.0,0.0,0.0,0.0,0.0,0.0,0.0,0.0,0.0,0.0,0.0,0.0,0.0,0.0,0.0,0.0,0.0,0.0,0.0,0.0,0.0,0.0,0.0,0.0,0.0,0.0,0.0,0.0,0.0,0.0,0.0,0.0,0.0,0.0,0.0,0.0,0.0,0.0,0.0,0.0,0.0,0.0,0.0,0.0,0.0,0.0,0.0,0.0,0.0,0.0,0.0,0.0,0.0,0.0,0.0,0.0,0.0,0.0,0.0,0.0,0.0,0.0,0.0,0.0,0.0,0.0,0.0,0.0,0.0,0.0,0.0,0.0,0.0,0.0,0.0,0.0,0.0,0.0,0.0,0.0,0.0,1.0,0.0,0.0,0.0,0.0,0.0,0.0,0.0,0.0,0.0,0.0,0.0,0.0,0.0,0.0,0.0,0.0,0.0,0.0,0.0,0.0,0.0,0.0,0.0,0.0,0.0,0.0,0.0,0.0,0.0,0.0,0.0,0.0,0.0,0.0,0.0,0.0,0.0,0.0,0.0,0.0,0.0,0.0,0.0,0.0,0.0,0.0,0.0,0.0,0.0,0.0,0.0,0.0,2020-02-10,19
20,0.0,0.0,0.0,0.0,0.0,0.0,0.0,0.0,0.0,0.0,0.0,0.0,0.0,0.0,0.0,0.0,0.0,0.0,0.0,0.0,0.0,0.0,0.0,0.0,0.0,0.0,0.0,0.0,0.0,0.0,0.0,0.0,0.0,0.0,0.0,0.0,1112.0,0.0,0.0,0.0,0.0,0.0,0.0,0.0,0.0,0.0,0.0,0.0,0.0,0.0,0.0,0.0,0.0,0.0,0.0,0.0,0.0,0.0,0.0,0.0,0.0,0.0,0.0,0.0,0.0,0.0,0.0,0.0,0.0,0.0,0.0,0.0,0.0,0.0,0.0,0.0,0.0,0.0,0.0,0.0,0.0,0.0,0.0,0.0,0.0,0.0,0.0,0.0,0.0,0.0,0.0,0.0,0.0,0.0,0.0,0.0,0.0,0.0,0.0,0.0,0.0,0.0,0.0,0.0,0.0,0.0,0.0,0.0,0.0,0.0,0.0,0.0,0.0,0.0,0.0,0.0,0.0,0.0,0.0,0.0,0.0,0.0,0.0,0.0,0.0,0.0,0.0,0.0,0.0,0.0,0.0,0.0,0.0,0.0,1.0,0.0,0.0,0.0,0.0,0.0,0.0,0.0,0.0,0.0,0.0,0.0,0.0,0.0,0.0,0.0,0.0,0.0,0.0,0.0,0.0,0.0,0.0,0.0,0.0,0.0,0.0,0.0,0.0,0.0,0.0,0.0,0.0,0.0,0.0,0.0,0.0,0.0,0.0,0.0,0.0,0.0,0.0,0.0,0.0,0.0,0.0,0.0,0.0,0.0,0.0,0.0,0.0,2020-02-11,20
21,0.0,0.0,0.0,0.0,0.0,0.0,0.0,0.0,0.0,0.0,0.0,0.0,0.0,0.0,0.0,0.0,0.0,0.0,0.0,0.0,0.0,0.0,0.0,0.0,0.0,0.0,0.0,0.0,0.0,0.0,0.0,0.0,0.0,0.0,0.0,0.0,1117.0,0.0,0.0,0.0,0.0,0.0,0.0,0.0,0.0,0.0,0.0,0.0,0.0,0.0,0.0,0.0,0.0,0.0,0.0,0.0,0.0,0.0,0.0,0.0,0.0,0.0,0.0,0.0,0.0,0.0,0.0,0.0,0.0,0.0,0.0,0.0,0.0,0.0,0.0,0.0,0.0,0.0,0.0,0.0,0.0,0.0,0.0,0.0,0.0,0.0,0.0,0.0,0.0,0.0,0.0,0.0,0.0,0.0,0.0,0.0,0.0,0.0,0.0,0.0,0.0,0.0,0.0,0.0,0.0,0.0,0.0,0.0,0.0,0.0,0.0,0.0,0.0,0.0,0.0,0.0,0.0,0.0,0.0,0.0,0.0,0.0,0.0,0.0,0.0,0.0,0.0,0.0,0.0,0.0,0.0,0.0,0.0,0.0,1.0,0.0,0.0,0.0,0.0,0.0,0.0,0.0,0.0,0.0,0.0,0.0,0.0,0.0,0.0,0.0,0.0,0.0,0.0,0.0,0.0,0.0,0.0,0.0,0.0,0.0,0.0,0.0,0.0,0.0,0.0,0.0,0.0,0.0,0.0,0.0,0.0,0.0,0.0,0.0,0.0,0.0,0.0,0.0,0.0,0.0,0.0,0.0,0.0,0.0,0.0,0.0,0.0,2020-02-12,21
22,0.0,0.0,0.0,0.0,0.0,0.0,0.0,0.0,0.0,0.0,0.0,0.0,0.0,0.0,0.0,0.0,0.0,0.0,0.0,0.0,0.0,0.0,0.0,0.0,0.0,0.0,0.0,0.0,0.0,0.0,0.0,0.0,0.0,0.0,0.0,0.0,1369.0,0.0,0.0,0.0,0.0,0.0,0.0,0.0,0.0,0.0,0.0,0.0,0.0,0.0,0.0,0.0,0.0,0.0,0.0,0.0,0.0,0.0,0.0,0.0,0.0,0.0,0.0,0.0,0.0,0.0,0.0,0.0,0.0,0.0,0.0,0.0,0.0,0.0,0.0,0.0,0.0,0.0,0.0,0.0,0.0,0.0,0.0,0.0,0.0,0.0,0.0,1.0,0.0,0.0,0.0,0.0,0.0,0.0,0.0,0.0,0.0,0.0,0.0,0.0,0.0,0.0,0.0,0.0,0.0,0.0,0.0,0.0,0.0,0.0,0.0,0.0,0.0,0.0,0.0,0.0,0.0,0.0,0.0,0.0,0.0,0.0,0.0,0.0,0.0,0.0,0.0,0.0,0.0,0.0,0.0,0.0,0.0,0.0,1.0,0.0,0.0,0.0,0.0,0.0,0.0,0.0,0.0,0.0,0.0,0.0,0.0,0.0,0.0,0.0,0.0,0.0,0.0,0.0,0.0,0.0,0.0,0.0,0.0,0.0,0.0,0.0,0.0,0.0,0.0,0.0,0.0,0.0,0.0,0.0,0.0,0.0,0.0,0.0,0.0,0.0,0.0,0.0,0.0,0.0,0.0,0.0,0.0,0.0,0.0,0.0,0.0,2020-02-13,22
23,0.0,0.0,0.0,0.0,0.0,0.0,0.0,0.0,0.0,0.0,0.0,0.0,0.0,0.0,0.0,0.0,0.0,0.0,0.0,0.0,0.0,0.0,0.0,0.0,0.0,0.0,0.0,0.0,0.0,0.0,0.0,0.0,0.0,0.0,0.0,0.0,1521.0,0.0,0.0,0.0,0.0,0.0,0.0,0.0,0.0,0.0,0.0,0.0,0.0,0.0,0.0,0.0,0.0,0.0,0.0,0.0,0.0,0.0,0.0,0.0,0.0,0.0,0.0,0.0,0.0,0.0,0.0,0.0,0.0,0.0,0.0,0.0,0.0,0.0,0.0,0.0,0.0,0.0,0.0,0.0,0.0,0.0,0.0,0.0,0.0,0.0,0.0,1.0,0.0,0.0,0.0,0.0,0.0,0.0,0.0,0.0,0.0,0.0,0.0,0.0,0.0,0.0,0.0,0.0,0.0,0.0,0.0,0.0,0.0,0.0,0.0,0.0,0.0,0.0,0.0,0.0,0.0,0.0,0.0,0.0,0.0,0.0,0.0,0.0,0.0,0.0,0.0,0.0,0.0,0.0,0.0,0.0,0.0,0.0,1.0,0.0,0.0,0.0,0.0,0.0,0.0,0.0,0.0,0.0,0.0,0.0,0.0,0.0,0.0,0.0,0.0,0.0,0.0,0.0,0.0,0.0,0.0,0.0,0.0,0.0,0.0,0.0,0.0,0.0,0.0,0.0,0.0,0.0,0.0,0.0,0.0,0.0,0.0,0.0,0.0,0.0,0.0,0.0,0.0,0.0,0.0,0.0,0.0,0.0,0.0,0.0,0.0,2020-02-14,23
24,0.0,0.0,0.0,0.0,0.0,0.0,0.0,0.0,0.0,0.0,0.0,0.0,0.0,0.0,0.0,0.0,0.0,0.0,0.0,0.0,0.0,0.0,0.0,0.0,0.0,0.0,0.0,0.0,0.0,0.0,0.0,0.0,0.0,0.0,0.0,0.0,1663.0,0.0,0.0,0.0,0.0,0.0,0.0,0.0,0.0,0.0,0.0,0.0,0.0,0.0,0.0,0.0,0.0,0.0,0.0,0.0,0.0,0.0,0.0,0.0,0.0,0.0,1.0,0.0,0.0,0.0,0.0,0.0,0.0,0.0,0.0,0.0,0.0,0.0,0.0,0.0,0.0,0.0,0.0,0.0,0.0,0.0,0.0,0.0,0.0,0.0,0.0,1.0,0.0,0.0,0.0,0.0,0.0,0.0,0.0,0.0,0.0,0.0,0.0,0.0,0.0,0.0,0.0,0.0,0.0,0.0,0.0,0.0,0.0,0.0,0.0,0.0,0.0,0.0,0.0,0.0,0.0,0.0,0.0,0.0,0.0,0.0,0.0,0.0,0.0,0.0,0.0,0.0,0.0,0.0,0.0,0.0,0.0,0.0,1.0,0.0,0.0,0.0,0.0,0.0,0.0,0.0,0.0,0.0,0.0,0.0,0.0,0.0,0.0,0.0,0.0,0.0,0.0,0.0,0.0,0.0,0.0,0.0,0.0,0.0,0.0,0.0,0.0,0.0,0.0,0.0,0.0,0.0,0.0,0.0,0.0,0.0,0.0,0.0,0.0,0.0,0.0,0.0,0.0,0.0,0.0,0.0,0.0,0.0,0.0,0.0,0.0,2020-02-15,24
25,0.0,0.0,0.0,0.0,0.0,0.0,0.0,0.0,0.0,0.0,0.0,0.0,0.0,0.0,0.0,0.0,0.0,0.0,0.0,0.0,0.0,0.0,0.0,0.0,0.0,0.0,0.0,0.0,0.0,0.0,0.0,0.0,0.0,0.0,0.0,0.0,1766.0,0.0,0.0,0.0,0.0,0.0,0.0,0.0,0.0,0.0,0.0,0.0,0.0,0.0,0.0,0.0,0.0,0.0,0.0,0.0,0.0,0.0,0.0,0.0,0.0,0.0,1.0,0.0,0.0,0.0,0.0,0.0,0.0,0.0,0.0,0.0,0.0,0.0,0.0,0.0,0.0,0.0,0.0,0.0,0.0,0.0,0.0,0.0,0.0,0.0,0.0,1.0,0.0,0.0,0.0,0.0,0.0,0.0,0.0,0.0,0.0,0.0,0.0,0.0,0.0,0.0,0.0,0.0,0.0,0.0,0.0,0.0,0.0,0.0,0.0,0.0,0.0,0.0,0.0,0.0,0.0,0.0,0.0,0.0,0.0,0.0,0.0,0.0,0.0,0.0,0.0,0.0,0.0,0.0,0.0,0.0,0.0,0.0,1.0,0.0,0.0,0.0,0.0,0.0,0.0,0.0,0.0,0.0,0.0,0.0,0.0,0.0,0.0,0.0,0.0,0.0,0.0,0.0,0.0,0.0,0.0,0.0,0.0,0.0,0.0,0.0,0.0,0.0,1.0,0.0,0.0,0.0,0.0,0.0,0.0,0.0,0.0,0.0,0.0,0.0,0.0,0.0,0.0,0.0,0.0,0.0,0.0,0.0,0.0,0.0,0.0,2020-02-16,25
26,0.0,0.0,0.0,0.0,0.0,0.0,0.0,0.0,0.0,0.0,0.0,0.0,0.0,0.0,0.0,0.0,0.0,0.0,0.0,0.0,0.0,0.0,0.0,0.0,0.0,0.0,0.0,0.0,0.0,0.0,0.0,0.0,0.0,0.0,0.0,0.0,1864.0,0.0,0.0,0.0,0.0,0.0,0.0,0.0,0.0,0.0,0.0,0.0,0.0,0.0,0.0,0.0,0.0,0.0,0.0,0.0,0.0,0.0,0.0,0.0,0.0,0.0,1.0,0.0,0.0,0.0,0.0,0.0,0.0,0.0,0.0,0.0,0.0,0.0,0.0,0.0,0.0,0.0,0.0,0.0,0.0,0.0,0.0,0.0,0.0,0.0,0.0,1.0,0.0,0.0,0.0,0.0,0.0,0.0,0.0,0.0,0.0,0.0,0.0,0.0,0.0,0.0,0.0,0.0,0.0,0.0,0.0,0.0,0.0,0.0,0.0,0.0,0.0,0.0,0.0,0.0,0.0,0.0,0.0,0.0,0.0,0.0,0.0,0.0,0.0,0.0,0.0,0.0,0.0,0.0,0.0,0.0,0.0,0.0,1.0,0.0,0.0,0.0,0.0,0.0,0.0,0.0,0.0,0.0,0.0,0.0,0.0,0.0,0.0,0.0,0.0,0.0,0.0,0.0,0.0,0.0,0.0,0.0,0.0,0.0,0.0,0.0,0.0,0.0,1.0,0.0,0.0,0.0,0.0,0.0,0.0,0.0,0.0,0.0,0.0,0.0,0.0,0.0,0.0,0.0,0.0,0.0,0.0,0.0,0.0,0.0,0.0,2020-02-17,26
27,0.0,0.0,0.0,0.0,0.0,0.0,0.0,0.0,0.0,0.0,0.0,0.0,0.0,0.0,0.0,0.0,0.0,0.0,0.0,0.0,0.0,0.0,0.0,0.0,0.0,0.0,0.0,0.0,0.0,0.0,0.0,0.0,0.0,0.0,0.0,0.0,2003.0,0.0,0.0,0.0,0.0,0.0,0.0,0.0,0.0,0.0,0.0,0.0,0.0,0.0,0.0,0.0,0.0,0.0,0.0,0.0,0.0,0.0,0.0,0.0,0.0,0.0,1.0,0.0,0.0,0.0,0.0,0.0,0.0,0.0,0.0,0.0,0.0,0.0,0.0,0.0,0.0,0.0,0.0,0.0,0.0,0.0,0.0,0.0,0.0,0.0,0.0,1.0,0.0,0.0,0.0,0.0,0.0,0.0,0.0,0.0,0.0,0.0,0.0,0.0,0.0,0.0,0.0,0.0,0.0,0.0,0.0,0.0,0.0,0.0,0.0,0.0,0.0,0.0,0.0,0.0,0.0,0.0,0.0,0.0,0.0,0.0,0.0,0.0,0.0,0.0,0.0,0.0,0.0,0.0,0.0,0.0,0.0,0.0,1.0,0.0,0.0,0.0,0.0,0.0,0.0,0.0,0.0,0.0,0.0,0.0,0.0,0.0,0.0,0.0,0.0,0.0,0.0,0.0,0.0,0.0,0.0,0.0,0.0,0.0,0.0,0.0,0.0,0.0,1.0,0.0,0.0,0.0,0.0,0.0,0.0,0.0,0.0,0.0,0.0,0.0,0.0,0.0,0.0,0.0,0.0,0.0,0.0,0.0,0.0,0.0,0.0,2020-02-18,27
28,0.0,0.0,0.0,0.0,0.0,0.0,0.0,0.0,0.0,0.0,0.0,0.0,0.0,0.0,0.0,0.0,0.0,0.0,0.0,0.0,0.0,0.0,0.0,0.0,0.0,0.0,0.0,0.0,0.0,0.0,0.0,0.0,0.0,0.0,0.0,0.0,2116.0,0.0,0.0,0.0,0.0,0.0,0.0,0.0,0.0,0.0,0.0,0.0,0.0,0.0,0.0,0.0,0.0,0.0,0.0,0.0,0.0,0.0,0.0,0.0,0.0,0.0,1.0,0.0,0.0,0.0,0.0,0.0,0.0,0.0,0.0,0.0,0.0,0.0,0.0,0.0,0.0,0.0,0.0,0.0,0.0,2.0,0.0,0.0,0.0,0.0,0.0,1.0,0.0,0.0,0.0,0.0,0.0,0.0,0.0,0.0,0.0,0.0,0.0,0.0,0.0,0.0,0.0,0.0,0.0,0.0,0.0,0.0,0.0,0.0,0.0,0.0,0.0,0.0,0.0,0.0,0.0,0.0,0.0,0.0,0.0,0.0,0.0,0.0,0.0,0.0,0.0,0.0,0.0,0.0,0.0,0.0,0.0,0.0,1.0,0.0,0.0,0.0,0.0,0.0,0.0,0.0,0.0,0.0,0.0,0.0,0.0,0.0,0.0,0.0,0.0,0.0,0.0,0.0,0.0,0.0,0.0,0.0,0.0,0.0,0.0,0.0,0.0,0.0,1.0,0.0,0.0,0.0,0.0,0.0,0.0,0.0,0.0,0.0,0.0,0.0,0.0,0.0,0.0,0.0,0.0,0.0,0.0,0.0,0.0,0.0,0.0,2020-02-19,28
29,0.0,0.0,0.0,0.0,0.0,0.0,0.0,0.0,0.0,0.0,0.0,0.0,0.0,0.0,0.0,0.0,0.0,0.0,0.0,0.0,0.0,0.0,0.0,0.0,0.0,0.0,0.0,0.0,0.0,0.0,0.0,0.0,0.0,0.0,0.0,0.0,2238.0,0.0,0.0,0.0,0.0,0.0,0.0,0.0,0.0,0.0,0.0,0.0,2.0,0.0,0.0,0.0,0.0,0.0,0.0,0.0,0.0,0.0,0.0,0.0,0.0,0.0,1.0,0.0,0.0,0.0,0.0,0.0,0.0,0.0,0.0,0.0,0.0,0.0,0.0,0.0,0.0,0.0,0.0,0.0,0.0,2.0,0.0,0.0,0.0,0.0,0.0,1.0,0.0,0.0,0.0,1.0,0.0,0.0,0.0,0.0,0.0,0.0,0.0,0.0,0.0,0.0,0.0,0.0,0.0,0.0,0.0,0.0,0.0,0.0,0.0,0.0,0.0,0.0,0.0,0.0,0.0,0.0,0.0,0.0,0.0,0.0,0.0,0.0,0.0,0.0,0.0,0.0,0.0,0.0,0.0,0.0,0.0,0.0,1.0,0.0,0.0,0.0,0.0,0.0,0.0,0.0,0.0,0.0,0.0,0.0,0.0,0.0,0.0,0.0,0.0,0.0,0.0,0.0,0.0,0.0,0.0,0.0,0.0,0.0,0.0,0.0,0.0,0.0,1.0,0.0,0.0,0.0,0.0,0.0,0.0,0.0,0.0,0.0,0.0,0.0,0.0,0.0,0.0,0.0,0.0,0.0,0.0,0.0,0.0,0.0,0.0,2020-02-20,29
30,0.0,0.0,0.0,0.0,0.0,0.0,0.0,0.0,0.0,0.0,0.0,0.0,0.0,0.0,0.0,0.0,0.0,0.0,0.0,0.0,0.0,0.0,0.0,0.0,0.0,0.0,0.0,0.0,0.0,0.0,0.0,0.0,0.0,0.0,0.0,0.0,2238.0,0.0,0.0,0.0,0.0,0.0,0.0,0.0,0.0,0.0,0.0,0.0,2.0,0.0,0.0,0.0,0.0,0.0,0.0,0.0,0.0,0.0,0.0,0.0,0.0,0.0,1.0,0.0,0.0,0.0,0.0,0.0,0.0,0.0,0.0,0.0,0.0,0.0,0.0,0.0,0.0,0.0,0.0,0.0,0.0,4.0,0.0,0.0,0.0,1.0,0.0,1.0,0.0,0.0,0.0,2.0,0.0,0.0,0.0,0.0,0.0,0.0,0.0,0.0,0.0,0.0,0.0,0.0,0.0,0.0,0.0,0.0,0.0,0.0,0.0,0.0,0.0,0.0,0.0,0.0,0.0,0.0,0.0,0.0,0.0,0.0,0.0,0.0,0.0,0.0,0.0,0.0,0.0,0.0,0.0,0.0,0.0,0.0,1.0,0.0,0.0,0.0,0.0,0.0,0.0,0.0,0.0,0.0,0.0,0.0,0.0,0.0,0.0,0.0,0.0,0.0,0.0,0.0,0.0,0.0,0.0,0.0,0.0,0.0,0.0,0.0,0.0,0.0,1.0,0.0,0.0,0.0,0.0,0.0,0.0,0.0,0.0,0.0,0.0,0.0,0.0,0.0,0.0,0.0,0.0,0.0,0.0,0.0,0.0,0.0,0.0,2020-02-21,30
31,0.0,0.0,0.0,0.0,0.0,0.0,0.0,0.0,0.0,0.0,0.0,0.0,0.0,0.0,0.0,0.0,0.0,0.0,0.0,0.0,0.0,0.0,0.0,0.0,0.0,0.0,0.0,0.0,0.0,0.0,0.0,0.0,0.0,0.0,0.0,0.0,2443.0,0.0,0.0,0.0,0.0,0.0,0.0,0.0,0.0,0.0,0.0,0.0,2.0,0.0,0.0,0.0,0.0,0.0,0.0,0.0,0.0,0.0,0.0,0.0,0.0,0.0,1.0,0.0,0.0,0.0,0.0,0.0,0.0,0.0,0.0,0.0,0.0,0.0,0.0,0.0,0.0,0.0,0.0,0.0,0.0,5.0,0.0,0.0,0.0,2.0,0.0,1.0,0.0,0.0,0.0,2.0,0.0,0.0,0.0,0.0,0.0,0.0,0.0,0.0,0.0,0.0,0.0,0.0,0.0,0.0,0.0,0.0,0.0,0.0,0.0,0.0,0.0,0.0,0.0,0.0,0.0,0.0,0.0,0.0,0.0,0.0,0.0,0.0,0.0,0.0,0.0,0.0,0.0,0.0,0.0,0.0,0.0,0.0,1.0,0.0,0.0,0.0,0.0,0.0,0.0,0.0,0.0,0.0,0.0,0.0,0.0,0.0,0.0,0.0,0.0,0.0,0.0,0.0,0.0,0.0,0.0,0.0,0.0,0.0,0.0,0.0,0.0,0.0,1.0,0.0,0.0,0.0,0.0,0.0,0.0,0.0,0.0,0.0,0.0,0.0,0.0,0.0,0.0,0.0,0.0,0.0,0.0,0.0,0.0,0.0,0.0,2020-02-22,31
32,0.0,0.0,0.0,0.0,0.0,0.0,0.0,0.0,0.0,0.0,0.0,0.0,0.0,0.0,0.0,0.0,0.0,0.0,0.0,0.0,0.0,0.0,0.0,0.0,0.0,0.0,0.0,0.0,0.0,0.0,0.0,0.0,0.0,0.0,0.0,0.0,2445.0,0.0,0.0,0.0,0.0,0.0,0.0,0.0,0.0,0.0,0.0,0.0,3.0,0.0,0.0,0.0,0.0,0.0,0.0,0.0,0.0,0.0,0.0,0.0,0.0,0.0,1.0,0.0,0.0,0.0,0.0,0.0,0.0,0.0,0.0,0.0,0.0,0.0,0.0,0.0,0.0,0.0,0.0,0.0,0.0,8.0,0.0,0.0,0.0,3.0,0.0,1.0,0.0,0.0,0.0,6.0,0.0,0.0,0.0,0.0,0.0,0.0,0.0,0.0,0.0,0.0,0.0,0.0,0.0,0.0,0.0,0.0,0.0,0.0,0.0,0.0,0.0,0.0,0.0,0.0,0.0,0.0,0.0,0.0,0.0,0.0,0.0,0.0,0.0,0.0,0.0,0.0,0.0,0.0,0.0,0.0,0.0,0.0,1.0,0.0,0.0,0.0,0.0,0.0,0.0,0.0,0.0,0.0,0.0,0.0,0.0,0.0,0.0,0.0,0.0,0.0,0.0,0.0,0.0,0.0,0.0,0.0,0.0,0.0,0.0,0.0,0.0,0.0,1.0,0.0,0.0,0.0,0.0,0.0,0.0,0.0,0.0,0.0,0.0,0.0,0.0,0.0,0.0,0.0,0.0,0.0,0.0,0.0,0.0,0.0,0.0,2020-02-23,32
33,0.0,0.0,0.0,0.0,0.0,0.0,0.0,0.0,0.0,0.0,0.0,0.0,0.0,0.0,0.0,0.0,0.0,0.0,0.0,0.0,0.0,0.0,0.0,0.0,0.0,0.0,0.0,0.0,0.0,0.0,0.0,0.0,0.0,0.0,0.0,0.0,2595.0,0.0,0.0,0.0,0.0,0.0,0.0,0.0,0.0,0.0,0.0,0.0,3.0,0.0,0.0,0.0,0.0,0.0,0.0,0.0,0.0,0.0,0.0,0.0,0.0,0.0,1.0,0.0,0.0,0.0,0.0,0.0,0.0,0.0,0.0,0.0,0.0,0.0,0.0,0.0,0.0,0.0,0.0,0.0,0.0,12.0,0.0,0.0,0.0,7.0,0.0,1.0,0.0,0.0,0.0,8.0,0.0,0.0,0.0,0.0,0.0,0.0,0.0,0.0,0.0,0.0,0.0,0.0,0.0,0.0,0.0,0.0,0.0,0.0,0.0,0.0,0.0,0.0,0.0,0.0,0.0,0.0,0.0,0.0,0.0,0.0,0.0,0.0,0.0,0.0,0.0,0.0,0.0,0.0,0.0,0.0,0.0,0.0,1.0,0.0,0.0,0.0,0.0,0.0,0.0,0.0,0.0,0.0,0.0,0.0,0.0,0.0,0.0,0.0,0.0,0.0,0.0,0.0,0.0,0.0,0.0,0.0,0.0,0.0,0.0,0.0,0.0,0.0,1.0,0.0,0.0,0.0,0.0,0.0,0.0,0.0,0.0,0.0,0.0,0.0,0.0,0.0,0.0,0.0,0.0,0.0,0.0,0.0,0.0,0.0,0.0,2020-02-24,33
34,0.0,0.0,0.0,0.0,0.0,0.0,0.0,0.0,0.0,0.0,0.0,0.0,0.0,0.0,0.0,0.0,0.0,0.0,0.0,0.0,0.0,0.0,0.0,0.0,0.0,0.0,0.0,0.0,0.0,0.0,0.0,0.0,0.0,0.0,0.0,0.0,2665.0,0.0,0.0,0.0,0.0,0.0,0.0,0.0,0.0,0.0,0.0,0.0,3.0,0.0,0.0,0.0,0.0,0.0,0.0,0.0,0.0,0.0,0.0,0.0,0.0,0.0,1.0,0.0,0.0,0.0,0.0,0.0,0.0,0.0,0.0,0.0,0.0,0.0,0.0,0.0,0.0,0.0,0.0,0.0,0.0,16.0,0.0,0.0,0.0,10.0,0.0,1.0,0.0,0.0,0.0,10.0,0.0,0.0,0.0,0.0,0.0,0.0,0.0,0.0,0.0,0.0,0.0,0.0,0.0,0.0,0.0,0.0,0.0,0.0,0.0,0.0,0.0,0.0,0.0,0.0,0.0,0.0,0.0,0.0,0.0,0.0,0.0,0.0,0.0,0.0,0.0,0.0,0.0,0.0,0.0,0.0,0.0,0.0,1.0,0.0,0.0,0.0,0.0,0.0,0.0,0.0,0.0,0.0,0.0,0.0,0.0,0.0,0.0,0.0,0.0,0.0,0.0,0.0,0.0,0.0,0.0,0.0,0.0,0.0,0.0,0.0,0.0,0.0,1.0,0.0,0.0,0.0,0.0,0.0,0.0,0.0,0.0,0.0,0.0,0.0,0.0,0.0,0.0,0.0,0.0,0.0,0.0,0.0,0.0,0.0,0.0,2020-02-25,34
35,0.0,0.0,0.0,0.0,0.0,0.0,0.0,0.0,0.0,0.0,0.0,0.0,0.0,0.0,0.0,0.0,0.0,0.0,0.0,0.0,0.0,0.0,0.0,0.0,0.0,0.0,0.0,0.0,0.0,0.0,0.0,0.0,0.0,0.0,0.0,0.0,2717.0,0.0,0.0,0.0,0.0,0.0,0.0,0.0,0.0,0.0,0.0,0.0,4.0,0.0,0.0,0.0,0.0,0.0,0.0,0.0,0.0,0.0,0.0,0.0,0.0,0.0,2.0,0.0,0.0,0.0,0.0,0.0,0.0,0.0,0.0,0.0,0.0,0.0,0.0,0.0,0.0,0.0,0.0,0.0,0.0,19.0,0.0,0.0,0.0,12.0,0.0,2.0,0.0,0.0,0.0,12.0,0.0,0.0,0.0,0.0,0.0,0.0,0.0,0.0,0.0,0.0,0.0,0.0,0.0,0.0,0.0,0.0,0.0,0.0,0.0,0.0,0.0,0.0,0.0,0.0,0.0,0.0,0.0,0.0,0.0,0.0,0.0,0.0,0.0,0.0,0.0,0.0,0.0,0.0,0.0,0.0,0.0,0.0,1.0,0.0,0.0,0.0,0.0,0.0,0.0,0.0,0.0,0.0,0.0,0.0,0.0,0.0,0.0,0.0,0.0,0.0,0.0,0.0,0.0,0.0,0.0,0.0,0.0,0.0,0.0,0.0,0.0,0.0,1.0,0.0,0.0,0.0,0.0,0.0,0.0,0.0,0.0,0.0,0.0,0.0,0.0,0.0,0.0,0.0,0.0,0.0,0.0,0.0,0.0,0.0,0.0,2020-02-26,35
36,0.0,0.0,0.0,0.0,0.0,0.0,0.0,0.0,0.0,0.0,0.0,0.0,0.0,0.0,0.0,0.0,0.0,0.0,0.0,0.0,0.0,0.0,0.0,0.0,0.0,0.0,0.0,0.0,0.0,0.0,0.0,0.0,0.0,0.0,0.0,0.0,2746.0,0.0,0.0,0.0,0.0,0.0,0.0,0.0,0.0,0.0,0.0,0.0,4.0,0.0,0.0,0.0,0.0,0.0,0.0,0.0,0.0,0.0,0.0,0.0,0.0,0.0,2.0,0.0,0.0,0.0,0.0,0.0,0.0,0.0,0.0,0.0,0.0,0.0,0.0,0.0,0.0,0.0,0.0,0.0,0.0,26.0,0.0,0.0,0.0,17.0,0.0,4.0,0.0,0.0,0.0,13.0,0.0,0.0,0.0,0.0,0.0,0.0,0.0,0.0,0.0,0.0,0.0,0.0,0.0,0.0,0.0,0.0,0.0,0.0,0.0,0.0,0.0,0.0,0.0,0.0,0.0,0.0,0.0,0.0,0.0,0.0,0.0,0.0,0.0,0.0,0.0,0.0,0.0,0.0,0.0,0.0,0.0,0.0,1.0,0.0,0.0,0.0,0.0,0.0,0.0,0.0,0.0,0.0,0.0,0.0,0.0,0.0,0.0,0.0,0.0,0.0,0.0,0.0,0.0,0.0,0.0,0.0,0.0,0.0,0.0,0.0,0.0,0.0,1.0,0.0,0.0,0.0,0.0,0.0,0.0,0.0,0.0,0.0,0.0,0.0,0.0,0.0,0.0,0.0,0.0,0.0,0.0,0.0,0.0,0.0,0.0,2020-02-27,36
37,0.0,0.0,0.0,0.0,0.0,0.0,0.0,0.0,0.0,0.0,0.0,0.0,0.0,0.0,0.0,0.0,0.0,0.0,0.0,0.0,0.0,0.0,0.0,0.0,0.0,0.0,0.0,0.0,0.0,0.0,0.0,0.0,0.0,0.0,0.0,0.0,2790.0,0.0,0.0,0.0,0.0,0.0,0.0,0.0,0.0,0.0,0.0,0.0,6.0,0.0,0.0,0.0,0.0,0.0,0.0,0.0,0.0,0.0,0.0,0.0,0.0,0.0,2.0,0.0,0.0,0.0,0.0,0.0,0.0,0.0,0.0,0.0,0.0,0.0,0.0,0.0,0.0,0.0,0.0,0.0,0.0,34.0,0.0,0.0,0.0,21.0,0.0,4.0,0.0,0.0,0.0,13.0,0.0,0.0,0.0,0.0,0.0,0.0,0.0,0.0,0.0,0.0,0.0,0.0,0.0,0.0,0.0,0.0,0.0,0.0,0.0,0.0,0.0,0.0,0.0,0.0,0.0,0.0,0.0,0.0,0.0,0.0,0.0,0.0,0.0,0.0,0.0,0.0,0.0,0.0,0.0,0.0,0.0,0.0,1.0,0.0,0.0,0.0,0.0,0.0,0.0,0.0,0.0,0.0,0.0,0.0,0.0,0.0,0.0,0.0,0.0,0.0,0.0,0.0,0.0,0.0,0.0,0.0,0.0,0.0,0.0,0.0,0.0,0.0,1.0,0.0,0.0,0.0,0.0,0.0,0.0,0.0,0.0,0.0,0.0,0.0,0.0,0.0,0.0,0.0,0.0,0.0,0.0,0.0,0.0,0.0,0.0,2020-02-28,37
38,0.0,0.0,0.0,0.0,0.0,0.0,0.0,0.0,0.0,0.0,0.0,0.0,0.0,0.0,0.0,0.0,0.0,0.0,0.0,0.0,0.0,0.0,0.0,0.0,0.0,0.0,0.0,0.0,0.0,0.0,0.0,0.0,0.0,0.0,0.0,0.0,2837.0,0.0,0.0,0.0,0.0,0.0,0.0,0.0,0.0,0.0,0.0,0.0,6.0,0.0,0.0,0.0,0.0,0.0,0.0,0.0,0.0,0.0,0.0,0.0,0.0,0.0,2.0,0.0,0.0,0.0,0.0,0.0,0.0,0.0,0.0,0.0,0.0,0.0,0.0,0.0,0.0,0.0,0.0,0.0,0.0,43.0,0.0,0.0,0.0,29.0,0.0,5.0,0.0,0.0,0.0,16.0,0.0,0.0,0.0,0.0,0.0,0.0,0.0,0.0,0.0,0.0,0.0,0.0,0.0,0.0,0.0,0.0,0.0,0.0,0.0,0.0,0.0,0.0,0.0,0.0,0.0,0.0,0.0,0.0,0.0,0.0,0.0,0.0,0.0,0.0,0.0,0.0,0.0,0.0,0.0,0.0,0.0,0.0,1.0,0.0,0.0,0.0,0.0,0.0,0.0,0.0,0.0,0.0,0.0,0.0,0.0,0.0,0.0,0.0,0.0,0.0,0.0,0.0,0.0,0.0,0.0,0.0,0.0,0.0,0.0,0.0,0.0,0.0,1.0,0.0,0.0,0.0,0.0,0.0,0.0,0.0,0.0,1.0,0.0,0.0,0.0,0.0,0.0,0.0,0.0,0.0,0.0,0.0,0.0,0.0,0.0,2020-02-29,38
39,0.0,0.0,0.0,0.0,0.0,0.0,0.0,0.0,1.0,0.0,0.0,0.0,0.0,0.0,0.0,0.0,0.0,0.0,0.0,0.0,0.0,0.0,0.0,0.0,0.0,0.0,0.0,0.0,0.0,0.0,0.0,0.0,0.0,0.0,0.0,0.0,2872.0,0.0,0.0,0.0,0.0,0.0,0.0,0.0,0.0,0.0,0.0,0.0,6.0,0.0,0.0,0.0,0.0,0.0,0.0,0.0,0.0,0.0,0.0,0.0,0.0,0.0,2.0,0.0,0.0,0.0,0.0,0.0,0.0,0.0,0.0,0.0,0.0,0.0,0.0,0.0,0.0,0.0,0.0,0.0,0.0,54.0,0.0,0.0,0.0,34.0,0.0,6.0,0.0,0.0,0.0,17.0,0.0,0.0,0.0,0.0,0.0,0.0,0.0,0.0,0.0,0.0,0.0,0.0,0.0,0.0,0.0,0.0,0.0,0.0,0.0,0.0,0.0,0.0,0.0,0.0,0.0,0.0,0.0,0.0,0.0,0.0,0.0,0.0,0.0,0.0,0.0,0.0,0.0,0.0,0.0,0.0,0.0,0.0,1.0,0.0,0.0,0.0,0.0,0.0,0.0,0.0,0.0,0.0,0.0,0.0,0.0,0.0,0.0,0.0,0.0,0.0,0.0,0.0,0.0,0.0,0.0,0.0,0.0,0.0,0.0,0.0,0.0,0.0,1.0,0.0,0.0,1.0,0.0,0.0,0.0,0.0,0.0,1.0,0.0,0.0,0.0,0.0,0.0,0.0,0.0,0.0,0.0,0.0,0.0,0.0,0.0,2020-03-01,39
40,0.0,0.0,0.0,0.0,0.0,0.0,0.0,0.0,1.0,0.0,0.0,0.0,0.0,0.0,0.0,0.0,0.0,0.0,0.0,0.0,0.0,0.0,0.0,0.0,0.0,0.0,0.0,0.0,0.0,0.0,0.0,0.0,0.0,0.0,0.0,0.0,2914.0,0.0,0.0,0.0,0.0,0.0,0.0,0.0,0.0,0.0,0.0,0.0,6.0,0.0,0.0,0.0,0.0,0.0,0.0,0.0,0.0,0.0,0.0,0.0,0.0,0.0,3.0,0.0,0.0,0.0,0.0,0.0,0.0,0.0,0.0,0.0,0.0,0.0,0.0,0.0,0.0,0.0,0.0,0.0,0.0,66.0,0.0,0.0,0.0,52.0,0.0,6.0,0.0,0.0,0.0,28.0,0.0,0.0,0.0,0.0,0.0,0.0,0.0,0.0,0.0,0.0,0.0,0.0,0.0,0.0,0.0,0.0,0.0,0.0,0.0,0.0,0.0,0.0,0.0,0.0,0.0,0.0,0.0,0.0,0.0,0.0,0.0,0.0,0.0,0.0,0.0,0.0,0.0,0.0,0.0,0.0,0.0,0.0,1.0,0.0,0.0,0.0,0.0,0.0,0.0,0.0,0.0,0.0,0.0,0.0,0.0,0.0,0.0,0.0,0.0,0.0,0.0,0.0,0.0,0.0,0.0,0.0,0.0,0.0,0.0,0.0,0.0,0.0,1.0,0.0,0.0,1.0,0.0,0.0,0.0,0.0,0.0,6.0,0.0,0.0,0.0,0.0,0.0,0.0,0.0,0.0,0.0,0.0,0.0,0.0,0.0,2020-03-02,40
41,0.0,0.0,0.0,0.0,0.0,0.0,0.0,0.0,1.0,0.0,0.0,0.0,0.0,0.0,0.0,0.0,0.0,0.0,0.0,0.0,0.0,0.0,0.0,0.0,0.0,0.0,0.0,0.0,0.0,0.0,0.0,0.0,0.0,0.0,0.0,0.0,2947.0,0.0,0.0,0.0,0.0,0.0,0.0,0.0,0.0,0.0,0.0,0.0,6.0,0.0,0.0,0.0,0.0,0.0,0.0,0.0,0.0,0.0,0.0,0.0,0.0,0.0,4.0,0.0,0.0,0.0,0.0,0.0,0.0,0.0,0.0,0.0,0.0,0.0,0.0,0.0,0.0,0.0,0.0,0.0,0.0,77.0,0.0,0.0,0.0,79.0,0.0,6.0,0.0,0.0,0.0,28.0,0.0,0.0,0.0,0.0,0.0,0.0,0.0,0.0,0.0,0.0,0.0,0.0,0.0,0.0,0.0,0.0,0.0,0.0,0.0,0.0,0.0,0.0,0.0,0.0,0.0,0.0,0.0,0.0,0.0,0.0,0.0,0.0,0.0,0.0,0.0,0.0,0.0,0.0,0.0,0.0,0.0,0.0,1.0,0.0,0.0,0.0,0.0,0.0,0.0,0.0,0.0,0.0,1.0,0.0,0.0,0.0,0.0,0.0,0.0,0.0,0.0,0.0,0.0,0.0,0.0,1.0,0.0,0.0,0.0,0.0,0.0,0.0,1.0,0.0,0.0,1.0,0.0,0.0,0.0,0.0,0.0,7.0,0.0,0.0,0.0,0.0,0.0,0.0,0.0,0.0,0.0,0.0,0.0,0.0,0.0,2020-03-03,41
42,0.0,0.0,0.0,0.0,0.0,0.0,0.0,0.0,2.0,0.0,0.0,0.0,0.0,0.0,0.0,0.0,0.0,0.0,0.0,0.0,0.0,0.0,0.0,0.0,0.0,0.0,0.0,0.0,0.0,0.0,0.0,0.0,0.0,0.0,0.0,0.0,2983.0,0.0,0.0,0.0,0.0,0.0,0.0,0.0,0.0,0.0,0.0,0.0,6.0,0.0,0.0,0.0,0.0,0.0,0.0,0.0,0.0,0.0,0.0,0.0,0.0,0.0,4.0,0.0,0.0,0.0,0.0,0.0,0.0,0.0,0.0,0.0,0.0,0.0,0.0,0.0,0.0,0.0,0.0,0.0,0.0,92.0,2.0,0.0,0.0,107.0,0.0,6.0,0.0,0.0,0.0,35.0,0.0,0.0,0.0,0.0,0.0,0.0,0.0,0.0,0.0,0.0,0.0,0.0,0.0,0.0,0.0,0.0,0.0,0.0,0.0,0.0,0.0,0.0,0.0,0.0,0.0,0.0,0.0,0.0,0.0,0.0,0.0,0.0,0.0,0.0,0.0,0.0,0.0,0.0,0.0,0.0,0.0,0.0,1.0,0.0,0.0,0.0,0.0,0.0,0.0,0.0,0.0,0.0,1.0,0.0,0.0,0.0,0.0,0.0,0.0,0.0,0.0,0.0,0.0,0.0,0.0,2.0,0.0,0.0,0.0,0.0,0.0,0.0,1.0,0.0,0.0,1.0,0.0,0.0,0.0,0.0,0.0,11.0,0.0,0.0,0.0,0.0,0.0,0.0,0.0,0.0,0.0,0.0,0.0,0.0,0.0,2020-03-04,42
43,0.0,0.0,0.0,0.0,0.0,0.0,0.0,0.0,2.0,0.0,0.0,0.0,0.0,0.0,0.0,0.0,0.0,0.0,0.0,0.0,0.0,0.0,0.0,0.0,0.0,0.0,0.0,0.0,0.0,0.0,0.0,0.0,0.0,0.0,0.0,0.0,3015.0,0.0,0.0,0.0,0.0,0.0,0.0,0.0,0.0,0.0,0.0,0.0,6.0,0.0,0.0,0.0,0.0,0.0,0.0,0.0,0.0,0.0,0.0,0.0,0.0,0.0,6.0,0.0,0.0,0.0,0.0,0.0,0.0,0.0,0.0,0.0,0.0,0.0,0.0,0.0,0.0,0.0,0.0,0.0,0.0,107.0,2.0,0.0,0.0,148.0,0.0,6.0,0.0,0.0,0.0,35.0,0.0,0.0,0.0,0.0,0.0,0.0,0.0,0.0,0.0,0.0,0.0,0.0,0.0,0.0,0.0,0.0,0.0,0.0,0.0,0.0,0.0,0.0,0.0,0.0,0.0,0.0,0.0,0.0,0.0,0.0,0.0,0.0,0.0,0.0,0.0,0.0,0.0,0.0,0.0,0.0,0.0,0.0,1.0,0.0,0.0,0.0,0.0,0.0,0.0,0.0,0.0,0.0,1.0,0.0,0.0,0.0,0.0,0.0,0.0,0.0,0.0,0.0,0.0,0.0,0.0,3.0,0.0,0.0,0.0,0.0,1.0,0.0,1.0,0.0,0.0,1.0,0.0,0.0,0.0,0.0,0.0,12.0,0.0,0.0,0.0,0.0,0.0,0.0,0.0,0.0,0.0,0.0,0.0,0.0,0.0,2020-03-05,43
44,0.0,0.0,0.0,0.0,0.0,0.0,0.0,0.0,2.0,0.0,0.0,0.0,0.0,0.0,0.0,0.0,0.0,0.0,0.0,0.0,0.0,0.0,0.0,0.0,0.0,0.0,0.0,0.0,0.0,0.0,0.0,0.0,0.0,0.0,0.0,0.0,3044.0,0.0,0.0,0.0,0.0,0.0,0.0,0.0,0.0,0.0,0.0,0.0,6.0,0.0,0.0,0.0,0.0,0.0,0.0,0.0,0.0,0.0,0.0,0.0,0.0,0.0,9.0,0.0,0.0,0.0,0.0,0.0,0.0,0.0,0.0,0.0,0.0,0.0,0.0,0.0,0.0,0.0,0.0,0.0,0.0,124.0,3.0,0.0,0.0,197.0,0.0,6.0,0.0,0.0,0.0,42.0,0.0,0.0,0.0,0.0,0.0,0.0,0.0,0.0,0.0,0.0,0.0,0.0,0.0,0.0,0.0,0.0,0.0,0.0,0.0,0.0,0.0,0.0,0.0,0.0,0.0,0.0,0.0,0.0,0.0,1.0,0.0,0.0,0.0,0.0,0.0,0.0,0.0,0.0,0.0,0.0,0.0,0.0,1.0,0.0,0.0,0.0,0.0,0.0,0.0,0.0,0.0,0.0,1.0,0.0,0.0,0.0,0.0,0.0,0.0,0.0,0.0,0.0,0.0,0.0,0.0,5.0,0.0,0.0,0.0,0.0,1.0,0.0,1.0,0.0,0.0,1.0,0.0,0.0,0.0,0.0,0.0,14.0,0.0,0.0,0.0,1.0,0.0,0.0,0.0,0.0,0.0,0.0,0.0,0.0,0.0,2020-03-06,44
45,0.0,0.0,0.0,0.0,0.0,0.0,0.0,0.0,2.0,0.0,0.0,0.0,0.0,0.0,0.0,0.0,0.0,0.0,0.0,0.0,0.0,0.0,0.0,0.0,0.0,0.0,0.0,0.0,0.0,0.0,0.0,0.0,0.0,0.0,0.0,0.0,3072.0,0.0,0.0,0.0,0.0,0.0,0.0,0.0,0.0,0.0,0.0,0.0,6.0,0.0,0.0,0.0,0.0,0.0,0.0,0.0,0.0,0.0,0.0,0.0,0.0,0.0,11.0,0.0,0.0,0.0,0.0,0.0,0.0,0.0,0.0,0.0,0.0,0.0,0.0,0.0,0.0,0.0,0.0,0.0,0.0,145.0,4.0,0.0,0.0,233.0,0.0,6.0,0.0,0.0,0.0,44.0,0.0,0.0,0.0,0.0,0.0,0.0,0.0,0.0,0.0,0.0,0.0,0.0,0.0,0.0,0.0,0.0,0.0,0.0,0.0,0.0,0.0,0.0,0.0,0.0,0.0,0.0,0.0,0.0,0.0,1.0,0.0,0.0,0.0,0.0,0.0,0.0,0.0,0.0,0.0,0.0,0.0,0.0,1.0,0.0,0.0,0.0,0.0,0.0,0.0,0.0,0.0,0.0,1.0,0.0,0.0,0.0,0.0,0.0,0.0,0.0,0.0,0.0,0.0,0.0,0.0,10.0,0.0,0.0,0.0,0.0,1.0,0.0,1.0,0.0,0.0,1.0,0.0,0.0,0.0,0.0,0.0,17.0,0.0,0.0,0.0,2.0,0.0,0.0,0.0,0.0,0.0,0.0,0.0,0.0,0.0,2020-03-07,45
46,0.0,0.0,0.0,0.0,0.0,0.0,1.0,0.0,3.0,0.0,0.0,0.0,0.0,0.0,0.0,0.0,0.0,0.0,0.0,0.0,0.0,0.0,0.0,0.0,0.0,0.0,0.0,0.0,0.0,0.0,0.0,0.0,0.0,0.0,0.0,0.0,3100.0,0.0,0.0,0.0,0.0,0.0,0.0,0.0,0.0,0.0,0.0,0.0,6.0,0.0,0.0,0.0,0.0,1.0,0.0,0.0,0.0,0.0,0.0,0.0,0.0,0.0,19.0,0.0,0.0,0.0,0.0,0.0,0.0,0.0,0.0,0.0,0.0,0.0,0.0,0.0,0.0,0.0,0.0,0.0,0.0,194.0,6.0,0.0,0.0,366.0,0.0,6.0,0.0,0.0,0.0,50.0,0.0,0.0,0.0,0.0,0.0,0.0,0.0,0.0,0.0,0.0,0.0,0.0,0.0,0.0,0.0,0.0,0.0,0.0,0.0,0.0,0.0,0.0,0.0,0.0,0.0,0.0,0.0,0.0,0.0,3.0,0.0,0.0,0.0,0.0,0.0,0.0,0.0,0.0,0.0,0.0,0.0,0.0,1.0,0.0,0.0,0.0,0.0,0.0,0.0,0.0,0.0,0.0,1.0,0.0,0.0,0.0,0.0,0.0,0.0,0.0,0.0,0.0,0.0,0.0,0.0,17.0,0.0,0.0,0.0,0.0,2.0,0.0,1.0,0.0,0.0,1.0,0.0,0.0,0.0,0.0,0.0,21.0,0.0,0.0,0.0,2.0,0.0,0.0,0.0,0.0,0.0,0.0,0.0,0.0,0.0,2020-03-08,46
47,0.0,0.0,0.0,0.0,0.0,0.0,1.0,0.0,3.0,0.0,0.0,0.0,0.0,0.0,0.0,0.0,0.0,0.0,0.0,0.0,0.0,0.0,0.0,0.0,0.0,0.0,0.0,0.0,0.0,0.0,0.0,0.0,1.0,0.0,0.0,0.0,3123.0,0.0,0.0,0.0,0.0,0.0,0.0,0.0,0.0,0.0,0.0,0.0,6.0,0.0,0.0,0.0,0.0,1.0,0.0,0.0,0.0,0.0,0.0,0.0,0.0,0.0,19.0,0.0,0.0,0.0,2.0,0.0,0.0,0.0,0.0,0.0,0.0,0.0,0.0,0.0,0.0,0.0,0.0,0.0,0.0,237.0,6.0,0.0,0.0,463.0,0.0,10.0,0.0,0.0,0.0,53.0,0.0,0.0,0.0,0.0,0.0,0.0,0.0,0.0,0.0,0.0,0.0,0.0,0.0,0.0,0.0,0.0,0.0,0.0,0.0,0.0,0.0,0.0,0.0,0.0,0.0,0.0,0.0,0.0,0.0,3.0,0.0,0.0,0.0,0.0,0.0,0.0,0.0,0.0,0.0,0.0,0.0,0.0,1.0,0.0,0.0,0.0,0.0,0.0,0.0,0.0,0.0,0.0,1.0,0.0,0.0,0.0,0.0,0.0,0.0,0.0,0.0,0.0,0.0,0.0,0.0,28.0,0.0,0.0,0.0,0.0,2.0,0.0,1.0,0.0,0.0,1.0,0.0,0.0,0.0,0.0,0.0,22.0,0.0,0.0,0.0,3.0,0.0,0.0,0.0,0.0,0.0,0.0,0.0,0.0,0.0,2020-03-09,47
48,0.0,0.0,0.0,0.0,0.0,0.0,1.0,0.0,3.0,0.0,0.0,0.0,0.0,0.0,0.0,0.0,0.0,0.0,0.0,0.0,0.0,0.0,0.0,0.0,0.0,0.0,0.0,0.0,0.0,0.0,0.0,0.0,1.0,0.0,0.0,0.0,3139.0,0.0,0.0,0.0,0.0,0.0,0.0,0.0,0.0,0.0,0.0,0.0,6.0,0.0,0.0,0.0,0.0,1.0,0.0,0.0,0.0,0.0,0.0,0.0,0.0,0.0,33.0,0.0,0.0,0.0,2.0,0.0,0.0,0.0,0.0,0.0,0.0,0.0,0.0,0.0,0.0,0.0,0.0,0.0,0.0,291.0,7.0,0.0,0.0,631.0,0.0,10.0,0.0,0.0,0.0,54.0,0.0,0.0,0.0,0.0,0.0,1.0,0.0,0.0,0.0,0.0,0.0,0.0,0.0,0.0,0.0,0.0,0.0,0.0,0.0,0.0,0.0,0.0,0.0,0.0,0.0,1.0,0.0,0.0,0.0,4.0,0.0,0.0,0.0,0.0,0.0,0.0,0.0,0.0,0.0,0.0,0.0,0.0,1.0,0.0,0.0,0.0,0.0,0.0,0.0,0.0,0.0,0.0,2.0,0.0,0.0,0.0,0.0,0.0,0.0,0.0,0.0,0.0,0.0,0.0,0.0,35.0,0.0,0.0,0.0,0.0,3.0,0.0,1.0,0.0,0.0,1.0,0.0,0.0,0.0,0.0,0.0,28.0,0.0,0.0,0.0,7.0,0.0,0.0,0.0,0.0,0.0,0.0,0.0,0.0,0.0,2020-03-10,48
49,0.0,1.0,0.0,0.0,0.0,0.0,1.0,0.0,3.0,0.0,0.0,0.0,0.0,0.0,0.0,0.0,3.0,0.0,0.0,0.0,0.0,0.0,0.0,0.0,0.0,1.0,0.0,0.0,0.0,0.0,0.0,0.0,1.0,0.0,0.0,0.0,3161.0,0.0,0.0,0.0,0.0,0.0,0.0,0.0,0.0,0.0,0.0,0.0,7.0,0.0,0.0,0.0,0.0,1.0,0.0,0.0,0.0,0.0,0.0,0.0,0.0,0.0,48.0,0.0,0.0,0.0,3.0,0.0,1.0,0.0,0.0,0.0,0.0,0.0,0.0,0.0,0.0,0.0,0.0,1.0,1.0,354.0,7.0,1.0,0.0,827.0,0.0,15.0,0.0,0.0,0.0,60.0,0.0,0.0,0.0,0.0,0.0,3.0,0.0,0.0,0.0,0.0,0.0,0.0,0.0,0.0,0.0,0.0,0.0,0.0,0.0,0.0,0.0,0.0,0.0,0.0,0.0,1.0,0.0,0.0,0.0,5.0,0.0,0.0,0.0,0.0,0.0,0.0,0.0,0.0,1.0,0.0,0.0,0.0,1.0,0.0,0.0,0.0,0.0,0.0,0.0,0.0,0.0,0.0,2.0,0.0,0.0,0.0,0.0,0.0,0.0,0.0,0.0,0.0,0.0,0.0,0.0,54.0,0.0,0.0,0.0,1.0,4.0,0.0,1.0,0.0,0.0,1.0,0.0,0.0,0.0,0.0,0.0,36.0,0.0,0.0,0.0,7.0,0.0,0.0,0.0,0.0,0.0,0.0,0.0,0.0,0.0,2020-03-11,49
50,0.0,1.0,1.0,0.0,0.0,0.0,1.0,0.0,3.0,1.0,0.0,0.0,0.0,0.0,0.0,0.0,3.0,0.0,0.0,0.0,0.0,0.0,0.0,0.0,0.0,1.0,0.0,0.0,0.0,0.0,0.0,0.0,1.0,0.0,0.0,0.0,3172.0,0.0,0.0,0.0,0.0,0.0,0.0,0.0,0.0,0.0,0.0,0.0,7.0,0.0,0.0,0.0,0.0,1.0,0.0,0.0,0.0,0.0,0.0,0.0,0.0,0.0,48.0,0.0,0.0,0.0,3.0,0.0,1.0,0.0,0.0,0.0,0.0,1.0,0.0,0.0,0.0,0.0,0.0,1.0,1.0,429.0,8.0,1.0,0.0,827.0,0.0,16.0,0.0,0.0,0.0,66.0,0.0,0.0,0.0,0.0,0.0,3.0,0.0,0.0,0.0,0.0,0.0,0.0,0.0,0.0,0.0,0.0,0.0,0.0,0.0,0.0,0.0,0.0,0.0,0.0,0.0,1.0,0.0,0.0,0.0,5.0,0.0,0.0,0.0,0.0,0.0,0.0,0.0,0.0,1.0,0.0,0.0,0.0,2.0,1.0,0.0,0.0,0.0,0.0,0.0,0.0,0.0,0.0,3.0,0.0,0.0,0.0,0.0,0.0,0.0,0.0,0.0,0.0,0.0,0.0,0.0,55.0,0.0,0.0,0.0,1.0,4.0,0.0,1.0,0.0,0.0,1.0,0.0,0.0,0.0,0.0,0.0,41.0,0.0,0.0,0.0,9.0,0.0,0.0,0.0,0.0,0.0,0.0,0.0,0.0,0.0,2020-03-12,50
51,0.0,1.0,2.0,0.0,0.0,0.0,2.0,0.0,3.0,1.0,1.0,0.0,0.0,0.0,0.0,0.0,3.0,0.0,0.0,0.0,0.0,0.0,0.0,0.0,0.0,1.0,0.0,0.0,0.0,0.0,0.0,0.0,1.0,0.0,0.0,0.0,3180.0,0.0,0.0,0.0,0.0,0.0,0.0,0.0,0.0,0.0,0.0,0.0,7.0,0.0,0.0,0.0,0.0,2.0,0.0,0.0,0.0,0.0,0.0,0.0,0.0,0.0,79.0,0.0,0.0,0.0,7.0,0.0,1.0,0.0,0.0,0.0,0.0,1.0,0.0,0.0,0.0,0.0,0.0,2.0,4.0,514.0,9.0,1.0,0.0,1266.0,0.0,19.0,0.0,0.0,0.0,66.0,0.0,0.0,0.0,0.0,0.0,3.0,0.0,0.0,0.0,0.0,0.0,0.0,0.0,0.0,0.0,0.0,0.0,0.0,0.0,0.0,0.0,0.0,0.0,0.0,0.0,1.0,0.0,0.0,0.0,10.0,0.0,0.0,0.0,0.0,0.0,0.0,0.0,0.0,1.0,0.0,0.0,0.0,5.0,2.0,0.0,0.0,0.0,0.0,0.0,0.0,0.0,0.0,5.0,0.0,0.0,0.0,0.0,0.0,0.0,0.0,0.0,0.0,0.0,0.0,0.0,133.0,0.0,1.0,0.0,1.0,11.0,0.0,1.0,0.0,0.0,1.0,0.0,0.0,0.0,0.0,0.0,49.0,0.0,1.0,0.0,10.0,0.0,0.0,0.0,0.0,0.0,0.0,0.0,0.0,0.0,2020-03-13,51
52,0.0,1.0,3.0,0.0,0.0,0.0,2.0,0.0,3.0,1.0,1.0,0.0,0.0,0.0,0.0,0.0,4.0,0.0,0.0,0.0,0.0,0.0,0.0,0.0,0.0,2.0,0.0,0.0,0.0,0.0,0.0,0.0,1.0,0.0,0.0,0.0,3193.0,0.0,0.0,0.0,0.0,0.0,0.0,0.0,0.0,0.0,0.0,1.0,7.0,0.0,0.0,0.0,2.0,2.0,0.0,0.0,0.0,0.0,0.0,0.0,0.0,0.0,91.0,0.0,0.0,0.0,9.0,0.0,3.0,0.0,0.0,0.0,0.0,1.0,0.0,0.0,0.0,0.0,0.0,2.0,5.0,611.0,10.0,2.0,0.0,1441.0,0.0,22.0,0.0,0.0,0.0,72.0,0.0,0.0,0.0,0.0,0.0,3.0,0.0,0.0,0.0,0.0,1.0,0.0,0.0,0.0,0.0,0.0,0.0,0.0,0.0,0.0,0.0,0.0,0.0,0.0,0.0,1.0,0.0,0.0,0.0,12.0,0.0,0.0,0.0,0.0,0.0,3.0,0.0,0.0,1.0,0.0,0.0,0.0,8.0,3.0,0.0,0.0,0.0,0.0,0.0,0.0,0.0,0.0,5.0,0.0,0.0,0.0,0.0,0.0,0.0,0.0,0.0,1.0,0.0,0.0,0.0,195.0,0.0,1.0,0.0,2.0,13.0,0.0,1.0,0.0,0.0,1.0,0.0,0.0,0.0,0.0,0.0,58.0,0.0,1.0,0.0,28.0,0.0,0.0,0.0,0.0,0.0,0.0,0.0,0.0,0.0,2020-03-14,52
53,0.0,1.0,4.0,0.0,0.0,0.0,2.0,0.0,3.0,1.0,1.0,0.0,0.0,0.0,0.0,0.0,4.0,0.0,0.0,0.0,0.0,0.0,0.0,0.0,0.0,2.0,0.0,0.0,0.0,0.0,0.0,0.0,1.0,0.0,0.0,0.0,3203.0,0.0,0.0,0.0,0.0,0.0,0.0,0.0,0.0,0.0,0.0,2.0,7.0,0.0,0.0,0.0,2.0,2.0,0.0,0.0,0.0,0.0,0.0,0.0,0.0,0.0,91.0,0.0,0.0,0.0,11.0,0.0,4.0,0.0,0.0,0.0,0.0,1.0,0.0,0.0,0.0,1.0,5.0,2.0,5.0,724.0,10.0,2.0,0.0,1809.0,0.0,22.0,0.0,0.0,0.0,75.0,0.0,0.0,0.0,0.0,0.0,3.0,0.0,0.0,0.0,0.0,1.0,0.0,0.0,0.0,0.0,0.0,0.0,0.0,0.0,0.0,0.0,0.0,0.0,0.0,0.0,1.0,0.0,0.0,0.0,20.0,0.0,0.0,0.0,0.0,0.0,3.0,0.0,0.0,1.0,0.0,0.0,0.0,11.0,3.0,0.0,0.0,0.0,0.0,0.0,0.0,0.0,0.0,5.0,0.0,0.0,0.0,0.0,0.0,0.0,0.0,0.0,1.0,0.0,0.0,0.0,289.0,0.0,1.0,0.0,3.0,14.0,0.0,1.0,0.0,0.0,1.0,0.0,0.0,0.0,0.0,0.0,73.0,0.0,1.0,0.0,43.0,0.0,0.0,0.0,0.0,0.0,0.0,0.0,0.0,0.0,2020-03-15,53
54,0.0,1.0,4.0,0.0,0.0,0.0,2.0,0.0,3.0,3.0,1.0,0.0,1.0,0.0,0.0,0.0,5.0,0.0,0.0,0.0,0.0,0.0,0.0,0.0,0.0,2.0,0.0,0.0,0.0,0.0,0.0,0.0,4.0,0.0,0.0,0.0,3217.0,0.0,0.0,0.0,0.0,0.0,0.0,0.0,0.0,0.0,0.0,3.0,7.0,0.0,0.0,0.0,2.0,2.0,0.0,0.0,0.0,0.0,0.0,0.0,0.0,0.0,149.0,0.0,0.0,0.0,17.0,0.0,4.0,0.0,1.0,0.0,0.0,1.0,0.0,0.0,0.0,1.0,0.0,2.0,5.0,853.0,10.0,2.0,0.0,2158.0,0.0,27.0,0.0,0.0,0.0,75.0,0.0,0.0,0.0,0.0,0.0,3.0,0.0,0.0,0.0,0.0,1.0,0.0,0.0,0.0,0.0,0.0,0.0,0.0,0.0,0.0,0.0,0.0,0.0,0.0,0.0,1.0,0.0,0.0,0.0,24.0,0.0,0.0,0.0,0.0,0.0,3.0,0.0,0.0,1.0,0.0,0.0,0.0,12.0,4.0,0.0,0.0,0.0,0.0,0.0,0.0,0.0,0.0,7.0,0.0,0.0,0.0,0.0,0.0,0.0,0.0,0.0,1.0,0.0,0.0,0.0,342.0,0.0,1.0,0.0,6.0,14.0,0.0,1.0,0.0,0.0,1.0,0.0,0.0,0.0,0.0,0.0,99.0,0.0,1.0,0.0,66.0,0.0,0.0,0.0,0.0,0.0,0.0,0.0,0.0,0.0,2020-03-16,54
55,0.0,1.0,4.0,0.0,0.0,0.0,2.0,0.0,5.0,3.0,1.0,0.0,1.0,0.0,0.0,0.0,10.0,0.0,0.0,0.0,0.0,0.0,0.0,1.0,0.0,2.0,0.0,0.0,0.0,0.0,0.0,0.0,5.0,0.0,0.0,0.0,3230.0,0.0,0.0,0.0,0.0,0.0,0.0,0.0,0.0,0.0,0.0,4.0,7.0,0.0,0.0,1.0,2.0,4.0,0.0,0.0,0.0,0.0,0.0,0.0,0.0,0.0,149.0,0.0,0.0,0.0,24.0,0.0,5.0,0.0,1.0,0.0,0.0,1.0,0.0,0.0,0.0,1.0,1.0,3.0,5.0,988.0,11.0,2.0,0.0,2503.0,0.0,29.0,0.0,0.0,0.0,81.0,0.0,0.0,0.0,0.0,0.0,3.0,0.0,0.0,0.0,0.0,1.0,0.0,0.0,0.0,2.0,0.0,0.0,0.0,0.0,0.0,0.0,0.0,0.0,0.0,0.0,2.0,0.0,0.0,0.0,43.0,0.0,0.0,0.0,0.0,0.0,3.0,0.0,0.0,1.0,0.0,0.0,0.0,12.0,5.0,1.0,0.0,0.0,0.0,0.0,0.0,0.0,0.0,7.0,0.0,0.0,0.0,0.0,0.0,0.0,0.0,0.0,1.0,0.0,0.0,0.0,533.0,0.0,1.0,0.0,7.0,27.0,0.0,1.0,0.0,0.0,1.0,0.0,0.0,0.0,0.0,1.0,133.0,0.0,2.0,0.0,82.0,0.0,0.0,0.0,0.0,0.0,0.0,0.0,0.0,0.0,2020-03-17,55
56,0.0,2.0,7.0,0.0,0.0,0.0,2.0,0.0,6.0,4.0,1.0,0.0,1.0,1.0,0.0,0.0,14.0,0.0,0.0,0.0,0.0,0.0,0.0,3.0,0.0,2.0,1.0,0.0,0.0,0.0,0.0,0.0,8.0,0.0,0.0,0.0,3241.0,0.0,0.0,0.0,0.0,0.0,0.0,0.0,1.0,0.0,0.0,4.0,7.0,0.0,0.0,1.0,2.0,6.0,0.0,0.0,0.0,0.0,0.0,0.0,0.0,0.0,149.0,0.0,0.0,0.0,28.0,0.0,5.0,0.0,1.0,0.0,0.0,1.0,0.0,0.0,0.0,1.0,1.0,3.0,19.0,1135.0,12.0,2.0,0.0,2978.0,0.0,29.0,0.0,0.0,0.0,84.0,0.0,0.0,0.0,0.0,0.0,3.0,0.0,0.0,0.0,0.0,2.0,0.0,0.0,0.0,2.0,0.0,0.0,0.0,0.0,0.0,0.0,1.0,0.0,0.0,0.0,2.0,0.0,0.0,0.0,58.0,0.0,0.0,0.0,0.0,0.0,6.0,0.0,0.0,1.0,0.0,0.0,0.0,19.0,5.0,2.0,0.0,0.0,0.0,0.0,0.0,0.0,0.0,11.0,0.0,0.0,0.0,0.0,0.0,0.0,0.0,1.0,1.0,0.0,0.0,0.0,623.0,0.0,1.0,0.0,10.0,28.0,0.0,1.0,0.0,0.0,1.0,0.0,0.0,0.0,0.0,1.0,164.0,0.0,2.0,0.0,116.0,0.0,0.0,0.0,0.0,0.0,0.0,0.0,0.0,0.0,2020-03-18,56
57,0.0,2.0,9.0,0.0,0.0,0.0,3.0,0.0,6.0,6.0,1.0,0.0,1.0,1.0,0.0,0.0,21.0,0.0,0.0,0.0,0.0,0.0,0.0,6.0,0.0,3.0,1.0,0.0,0.0,0.0,0.0,0.0,9.0,0.0,0.0,0.0,3249.0,0.0,0.0,0.0,0.0,1.0,0.0,1.0,1.0,0.0,0.0,6.0,7.0,0.0,0.0,2.0,3.0,6.0,0.0,0.0,0.0,0.0,0.0,0.0,0.0,0.0,244.0,0.0,0.0,0.0,44.0,0.0,6.0,0.0,1.0,0.0,0.0,1.0,0.0,0.0,0.0,1.0,1.0,4.0,25.0,1284.0,13.0,3.0,0.0,3405.0,1.0,29.0,0.0,0.0,0.0,91.0,0.0,0.0,0.0,0.0,0.0,4.0,0.0,0.0,0.0,0.0,4.0,0.0,0.0,0.0,2.0,0.0,0.0,0.0,0.0,0.0,1.0,1.0,0.0,0.0,0.0,2.0,0.0,0.0,0.0,77.0,0.0,0.0,0.0,0.0,0.0,7.0,0.0,2.0,1.0,0.0,0.0,0.0,17.0,5.0,3.0,0.0,0.0,1.0,0.0,0.0,0.0,0.0,11.0,0.0,0.0,0.0,0.0,0.0,0.0,0.0,1.0,1.0,0.0,0.0,0.0,830.0,0.0,1.0,0.0,11.0,41.0,0.0,1.0,0.0,0.0,1.0,0.0,0.0,0.0,1.0,3.0,258.0,0.0,2.0,0.0,159.0,0.0,0.0,0.0,0.0,0.0,0.0,0.0,0.0,0.0,2020-03-19,57
58,0.0,2.0,11.0,0.0,0.0,0.0,3.0,0.0,7.0,6.0,1.0,0.0,1.0,1.0,0.0,0.0,37.0,0.0,0.0,0.0,0.0,0.0,0.0,11.0,0.0,3.0,1.0,0.0,0.0,0.0,0.0,0.0,12.0,0.0,0.0,0.0,3253.0,0.0,0.0,0.0,0.0,1.0,0.0,1.0,1.0,0.0,0.0,9.0,7.0,0.0,0.0,2.0,5.0,8.0,0.0,0.0,0.0,0.0,0.0,0.0,0.0,0.0,451.0,1.0,0.0,0.0,67.0,0.0,6.0,0.0,1.0,0.0,0.0,1.0,0.0,0.0,0.0,3.0,0.0,5.0,32.0,1433.0,17.0,3.0,0.0,4032.0,1.0,33.0,0.0,3.0,0.0,94.0,0.0,0.0,0.0,0.0,0.0,4.0,0.0,0.0,0.0,0.0,4.0,0.0,0.0,0.0,3.0,0.0,0.0,0.0,0.0,0.0,2.0,1.0,0.0,0.0,0.0,3.0,0.0,0.0,0.0,107.0,0.0,0.0,0.0,0.0,0.0,7.0,0.0,3.0,1.0,0.0,0.0,3.0,18.0,5.0,6.0,0.0,0.0,1.0,0.0,0.0,0.0,0.0,14.0,0.0,0.0,0.0,1.0,0.0,0.0,0.0,1.0,1.0,0.0,0.0,0.0,1043.0,0.0,1.0,0.0,16.0,54.0,0.0,2.0,0.0,0.0,1.0,0.0,0.0,0.0,1.0,4.0,349.0,0.0,3.0,2.0,195.0,0.0,0.0,0.0,0.0,0.0,0.0,0.0,0.0,0.0,2020-03-20,58
59,0.0,2.0,15.0,0.0,0.0,0.0,4.0,0.0,7.0,8.0,1.0,0.0,1.0,2.0,0.0,0.0,67.0,0.0,0.0,0.0,0.0,1.0,0.0,15.0,0.0,3.0,2.0,0.0,0.0,0.0,0.0,0.0,19.0,0.0,0.0,0.0,3259.0,0.0,0.0,0.0,1.0,2.0,0.0,1.0,1.0,0.0,0.0,13.0,8.0,0.0,0.0,2.0,7.0,10.0,0.0,0.0,0.0,0.0,0.0,0.0,0.0,1.0,563.0,1.0,0.0,0.0,84.0,1.0,13.0,0.0,1.0,0.0,0.0,1.0,0.0,0.0,0.0,4.0,1.0,4.0,38.0,1556.0,17.0,3.0,1.0,4825.0,1.0,35.0,0.0,0.0,0.0,102.0,0.0,0.0,0.0,0.0,0.0,4.0,0.0,0.0,0.0,1.0,8.0,0.0,0.0,0.0,4.0,0.0,0.0,0.0,0.0,1.0,2.0,1.0,0.0,0.0,0.0,3.0,0.0,0.0,0.0,137.0,0.0,0.0,0.0,0.0,0.0,7.0,0.0,3.0,1.0,0.0,1.0,5.0,19.0,5.0,12.0,0.0,0.0,1.0,0.0,0.0,0.0,0.0,20.0,0.0,0.0,0.0,1.0,0.0,0.0,2.0,1.0,1.0,0.0,0.0,0.0,1375.0,0.0,1.0,0.0,20.0,75.0,0.0,2.0,0.0,0.0,1.0,0.0,0.0,0.0,1.0,9.0,442.0,0.0,3.0,2.0,251.0,0.0,0.0,0.0,0.0,0.0,0.0,0.0,0.0,0.0,2020-03-21,59
60,1.0,2.0,17.0,1.0,0.0,0.0,4.0,0.0,7.0,16.0,1.0,0.0,2.0,2.0,0.0,0.0,75.0,0.0,0.0,0.0,0.0,1.0,0.0,25.0,0.0,3.0,4.0,0.0,0.0,0.0,0.0,0.0,21.0,0.0,0.0,1.0,3274.0,2.0,0.0,0.0,1.0,2.0,0.0,1.0,1.0,1.0,1.0,13.0,8.0,0.0,0.0,3.0,14.0,14.0,0.0,0.0,0.0,0.0,0.0,0.0,0.0,1.0,676.0,1.0,0.0,0.0,94.0,1.0,15.0,0.0,1.0,0.0,0.0,1.0,0.0,0.0,0.0,6.0,1.0,7.0,48.0,1685.0,20.0,4.0,1.0,5476.0,1.0,41.0,0.0,0.0,0.0,111.0,0.0,0.0,0.0,0.0,0.0,4.0,0.0,0.0,0.0,1.0,8.0,0.0,0.0,0.0,10.0,0.0,0.0,0.0,0.0,2.0,3.0,1.0,0.0,0.0,0.0,4.0,0.0,0.0,0.0,180.0,0.0,0.0,0.0,0.0,1.0,7.0,0.0,5.0,3.0,0.0,1.0,5.0,25.0,7.0,14.0,0.0,3.0,1.0,0.0,0.0,0.0,0.0,20.0,0.0,0.0,0.0,2.0,0.0,0.0,2.0,0.0,2.0,0.0,0.0,0.0,1772.0,0.0,1.0,0.0,21.0,98.0,0.0,2.0,0.0,0.0,1.0,0.0,0.0,0.0,3.0,30.0,586.0,0.0,3.0,2.0,286.0,0.0,0.0,0.0,0.0,0.0,0.0,0.0,0.0,0.0,2020-03-22,60
61,1.0,4.0,17.0,1.0,0.0,0.0,4.0,0.0,7.0,21.0,1.0,0.0,2.0,3.0,0.0,0.0,88.0,0.0,0.0,0.0,0.0,1.0,0.0,34.0,0.0,3.0,4.0,0.0,0.0,0.0,0.0,0.0,25.0,0.0,0.0,2.0,3274.0,3.0,0.0,0.0,1.0,2.0,0.0,1.0,1.0,1.0,1.0,24.0,8.0,0.0,0.0,3.0,18.0,19.0,0.0,0.0,0.0,0.0,0.0,0.0,0.0,1.0,862.0,1.0,1.0,0.0,123.0,2.0,17.0,0.0,1.0,0.0,0.0,1.0,0.0,0.0,0.0,7.0,1.0,10.0,49.0,1812.0,23.0,6.0,1.0,6077.0,1.0,42.0,0.0,0.0,0.0,111.0,0.0,0.0,0.0,0.0,0.0,4.0,0.0,0.0,0.0,1.0,8.0,0.0,0.0,0.0,14.0,0.0,0.0,0.0,0.0,2.0,4.0,1.0,0.0,0.0,1.0,4.0,0.0,0.0,0.0,214.0,0.0,0.0,0.0,1.0,2.0,10.0,0.0,6.0,6.0,0.0,1.0,5.0,33.0,8.0,23.0,0.0,7.0,1.0,0.0,0.0,0.0,0.0,20.0,0.0,0.0,0.0,3.0,0.0,0.0,2.0,0.0,3.0,0.0,0.0,0.0,2311.0,0.0,1.0,0.0,25.0,120.0,0.0,2.0,0.0,0.0,1.0,0.0,0.0,0.0,3.0,37.0,786.0,0.0,3.0,2.0,360.0,0.0,0.0,0.0,0.0,0.0,0.0,0.0,0.0,1.0,2020-03-23,61
62,1.0,5.0,19.0,1.0,0.0,0.0,6.0,0.0,8.0,28.0,1.0,0.0,3.0,4.0,0.0,0.0,122.0,0.0,0.0,0.0,0.0,3.0,0.0,46.0,0.0,3.0,4.0,0.0,0.0,1.0,0.0,0.0,26.0,0.0,0.0,2.0,3281.0,3.0,0.0,0.0,2.0,2.0,0.0,1.0,1.0,3.0,3.0,32.0,10.0,0.0,0.0,6.0,27.0,20.0,0.0,0.0,0.0,0.0,0.0,0.0,0.0,1.0,1102.0,1.0,1.0,0.0,157.0,2.0,20.0,0.0,1.0,0.0,0.0,1.0,0.0,0.0,0.0,9.0,2.0,10.0,55.0,1934.0,27.0,7.0,3.0,6820.0,1.0,43.0,0.0,0.0,0.0,120.0,0.0,0.0,0.0,0.0,0.0,4.0,0.0,0.0,0.0,2.0,8.0,0.0,0.0,0.0,16.0,0.0,0.0,0.0,0.0,2.0,5.0,1.0,0.0,0.0,1.0,5.0,0.0,0.0,0.0,277.0,0.0,0.0,0.0,1.0,2.0,12.0,0.0,7.0,6.0,0.0,2.0,7.0,35.0,10.0,33.0,0.0,11.0,1.0,0.0,0.0,0.0,0.0,21.0,0.0,1.0,0.0,3.0,0.0,0.0,2.0,0.0,4.0,0.0,0.0,0.0,2808.0,0.0,1.0,0.0,36.0,122.0,0.0,2.0,0.0,0.0,4.0,0.0,0.0,0.0,4.0,44.0,1008.0,0.0,3.0,2.0,509.0,0.0,0.0,0.0,0.0,0.0,0.0,0.0,0.0,1.0,2020-03-24,62
63,2.0,5.0,21.0,1.0,0.0,0.0,8.0,0.0,8.0,30.0,2.0,0.0,4.0,5.0,0.0,0.0,178.0,0.0,0.0,0.0,0.0,3.0,0.0,59.0,0.0,3.0,4.0,0.0,0.0,1.0,0.0,1.0,30.0,0.0,0.0,3.0,3285.0,4.0,0.0,0.0,2.0,2.0,0.0,1.0,1.0,3.0,6.0,34.0,10.0,0.0,0.0,10.0,28.0,21.0,0.0,0.0,0.0,1.0,0.0,0.0,0.0,3.0,1333.0,1.0,1.0,0.0,206.0,4.0,22.0,0.0,1.0,0.0,0.0,1.0,0.0,0.0,0.0,10.0,2.0,12.0,58.0,2077.0,29.0,9.0,5.0,7503.0,1.0,45.0,0.0,0.0,0.0,126.0,0.0,0.0,0.0,0.0,0.0,6.0,0.0,0.0,0.0,4.0,8.0,0.0,0.0,0.0,20.0,0.0,0.0,0.0,0.0,2.0,6.0,1.0,0.0,0.0,1.0,6.0,0.0,0.0,0.0,357.0,0.0,0.0,1.0,1.0,3.0,14.0,0.0,8.0,8.0,0.0,3.0,9.0,38.0,14.0,43.0,0.0,17.0,3.0,0.0,0.0,0.0,0.0,21.0,0.0,2.0,0.0,4.0,0.0,0.0,2.0,0.0,5.0,0.0,0.0,0.0,3647.0,0.0,1.0,0.0,62.0,153.0,0.0,2.0,0.0,0.0,4.0,0.0,0.0,1.0,5.0,59.0,1316.0,0.0,5.0,2.0,695.0,0.0,0.0,0.0,0.0,0.0,0.0,0.0,0.0,1.0,2020-03-25,63
64,4.0,6.0,25.0,3.0,0.0,0.0,9.0,1.0,13.0,49.0,3.0,0.0,4.0,5.0,0.0,0.0,220.0,0.0,0.0,0.0,0.0,3.0,0.0,77.0,0.0,3.0,7.0,0.0,0.0,1.0,0.0,1.0,38.0,0.0,0.0,4.0,3291.0,6.0,0.0,0.0,3.0,2.0,0.0,3.0,2.0,3.0,9.0,41.0,10.0,0.0,0.0,10.0,34.0,24.0,0.0,0.0,0.0,1.0,0.0,0.0,0.0,5.0,1698.0,1.0,1.0,0.0,267.0,4.0,26.0,0.0,1.0,0.0,0.0,1.0,0.0,0.0,1.0,10.0,2.0,20.0,78.0,2234.0,36.0,19.0,8.0,8215.0,1.0,47.0,0.0,1.0,1.0,131.0,1.0,0.0,0.0,0.0,0.0,6.0,0.0,0.0,0.0,4.0,9.0,0.0,0.0,0.0,23.0,0.0,0.0,0.0,0.0,2.0,8.0,1.0,0.0,0.0,1.0,11.0,0.0,0.0,0.0,435.0,0.0,0.0,1.0,1.0,3.0,14.0,0.0,9.0,8.0,0.0,3.0,9.0,45.0,16.0,60.0,0.0,23.0,3.0,0.0,0.0,0.0,0.0,21.0,0.0,3.0,0.0,1.0,0.0,0.0,2.0,0.0,6.0,0.0,0.0,0.0,4365.0,0.0,1.0,0.0,77.0,191.0,0.0,2.0,0.0,0.0,4.0,0.0,0.0,1.0,6.0,75.0,1726.0,0.0,5.0,2.0,879.0,0.0,0.0,0.0,0.0,1.0,0.0,0.0,0.0,1.0,2020-03-26,64
65,4.0,8.0,26.0,3.0,0.0,0.0,13.0,1.0,13.0,58.0,3.0,0.0,4.0,5.0,0.0,0.0,289.0,0.0,0.0,0.0,0.0,4.0,0.0,92.0,0.0,3.0,9.0,0.0,0.0,1.0,0.0,2.0,54.0,0.0,0.0,5.0,3296.0,6.0,0.0,0.0,3.0,2.0,0.0,3.0,2.0,5.0,9.0,52.0,10.0,0.0,0.0,20.0,36.0,30.0,0.0,0.0,0.0,1.0,0.0,0.0,0.0,7.0,1997.0,1.0,1.0,0.0,342.0,4.0,28.0,0.0,1.0,0.0,0.0,1.0,0.0,0.0,1.0,10.0,2.0,20.0,87.0,2378.0,40.0,22.0,12.0,9134.0,1.0,49.0,1.0,1.0,1.0,139.0,1.0,0.0,0.0,0.0,0.0,8.0,0.0,0.0,0.0,5.0,15.0,0.0,0.0,0.0,26.0,0.0,0.0,0.0,0.0,2.0,12.0,2.0,0.0,0.0,1.0,23.0,0.0,0.0,0.0,547.0,0.0,1.0,1.0,1.0,3.0,19.0,0.0,11.0,9.0,0.0,3.0,11.0,54.0,16.0,76.0,0.0,26.0,4.0,0.0,0.0,0.0,0.0,21.0,0.0,3.0,0.0,1.0,0.0,0.0,2.0,0.0,9.0,0.0,1.0,0.0,5138.0,0.0,1.0,0.0,105.0,231.0,0.0,2.0,0.0,0.0,5.0,0.0,1.0,2.0,6.0,92.0,2265.0,0.0,5.0,2.0,1163.0,0.0,1.0,1.0,0.0,1.0,0.0,0.0,0.0,1.0,2020-03-27,65
66,4.0,10.0,29.0,3.0,0.0,0.0,18.0,1.0,14.0,68.0,4.0,0.0,4.0,5.0,0.0,0.0,353.0,0.0,0.0,0.0,0.0,5.0,0.0,111.0,1.0,7.0,11.0,0.0,0.0,1.0,0.0,2.0,61.0,0.0,0.0,6.0,3299.0,6.0,0.0,0.0,6.0,2.0,0.0,5.0,3.0,5.0,11.0,65.0,10.0,0.0,0.0,28.0,48.0,36.0,0.0,0.0,0.0,1.0,0.0,0.0,0.0,9.0,2317.0,1.0,1.0,0.0,433.0,5.0,32.0,0.0,1.0,0.0,0.0,1.0,0.0,0.0,1.0,11.0,2.0,24.0,102.0,2517.0,42.0,36.0,12.0,10023.0,1.0,52.0,1.0,1.0,1.0,144.0,1.0,0.0,0.0,0.0,0.0,8.0,0.0,0.0,0.0,7.0,18.0,0.0,0.0,0.0,27.0,0.0,0.0,0.0,0.0,2.0,16.0,2.0,0.0,0.0,1.0,25.0,0.0,0.0,0.0,640.0,0.0,1.0,1.0,1.0,4.0,23.0,0.0,12.0,14.0,0.0,3.0,16.0,68.0,18.0,100.0,1.0,37.0,4.0,0.0,0.0,0.0,0.0,22.0,0.0,4.0,0.0,10.0,0.0,0.0,2.0,0.0,9.0,0.0,1.0,0.0,5982.0,1.0,1.0,0.0,105.0,264.0,0.0,2.0,0.0,0.0,6.0,0.0,1.0,3.0,8.0,108.0,2731.0,0.0,9.0,2.0,1457.0,0.0,2.0,2.0,0.0,1.0,0.0,0.0,0.0,1.0,2020-03-28,66
67,4.0,10.0,31.0,6.0,2.0,0.0,19.0,3.0,16.0,86.0,4.0,0.0,4.0,5.0,0.0,0.0,431.0,0.0,0.0,0.0,1.0,6.0,0.0,136.0,1.0,8.0,12.0,0.0,0.0,1.0,0.0,6.0,64.0,0.0,0.0,7.0,3304.0,10.0,0.0,0.0,6.0,2.0,1.0,6.0,3.0,5.0,16.0,72.0,10.0,0.0,0.0,39.0,58.0,40.0,0.0,0.0,0.0,3.0,0.0,0.0,0.0,11.0,2611.0,1.0,1.0,0.0,533.0,5.0,38.0,0.0,1.0,0.0,0.0,1.0,0.0,0.0,3.0,13.0,2.0,27.0,114.0,2640.0,42.0,46.0,15.0,10779.0,1.0,54.0,3.0,1.0,1.0,152.0,1.0,0.0,0.0,0.0,0.0,10.0,0.0,0.0,0.0,7.0,21.0,0.0,0.0,0.0,35.0,0.0,1.0,0.0,0.0,3.0,20.0,2.0,1.0,0.0,1.0,26.0,0.0,0.0,0.0,772.0,1.0,1.0,1.0,1.0,6.0,25.0,0.0,14.0,17.0,0.0,3.0,18.0,71.0,22.0,119.0,1.0,43.0,8.0,0.0,0.0,0.0,0.0,22.0,0.0,8.0,0.0,13.0,0.0,0.0,3.0,0.0,11.0,0.0,2.0,0.0,6803.0,1.0,1.0,0.0,110.0,300.0,1.0,2.0,0.0,0.0,7.0,0.0,1.0,3.0,8.0,131.0,3420.0,0.0,10.0,3.0,1672.0,1.0,2.0,2.0,0.0,1.0,0.0,0.0,0.0,1.0,2020-03-29,67
68,4.0,11.0,35.0,8.0,2.0,0.0,23.0,3.0,17.0,108.0,4.0,0.0,4.0,5.0,0.0,0.0,513.0,0.0,0.0,0.0,4.0,10.0,0.0,159.0,1.0,8.0,12.0,0.0,0.0,1.0,0.0,6.0,80.0,0.0,0.0,8.0,3308.0,12.0,0.0,0.0,8.0,2.0,1.0,6.0,4.0,7.0,23.0,77.0,10.0,0.0,0.0,42.0,60.0,41.0,0.0,0.0,0.0,3.0,0.0,0.0,0.0,13.0,3030.0,1.0,1.0,0.0,645.0,5.0,43.0,0.0,1.0,0.0,0.0,1.0,0.0,0.0,7.0,15.0,2.0,32.0,122.0,2757.0,46.0,54.0,16.0,11591.0,1.0,54.0,5.0,1.0,1.0,158.0,1.0,0.0,0.0,0.0,0.0,11.0,0.0,0.0,0.0,7.0,22.0,0.0,0.0,0.0,37.0,0.0,2.0,0.0,1.0,3.0,28.0,2.0,1.0,0.0,1.0,33.0,0.0,0.0,0.0,865.0,1.0,1.0,3.0,2.0,7.0,32.0,0.0,21.0,24.0,0.0,3.0,24.0,78.0,31.0,140.0,1.0,65.0,9.0,0.0,0.0,0.0,0.0,25.0,0.0,8.0,0.0,16.0,0.0,0.0,3.0,0.0,11.0,0.0,3.0,0.0,7716.0,2.0,2.0,0.0,146.0,359.0,2.0,5.0,0.0,0.0,9.0,0.0,1.0,3.0,8.0,168.0,4192.0,0.0,13.0,5.0,2046.0,1.0,2.0,3.0,0.0,1.0,0.0,0.0,0.0,1.0,2020-03-30,68
69,4.0,15.0,44.0,12.0,2.0,0.0,27.0,3.0,18.0,128.0,5.0,0.0,4.0,5.0,0.0,1.0,705.0,0.0,0.0,0.0,6.0,13.0,1.0,201.0,1.0,8.0,14.0,1.0,0.0,1.0,0.0,6.0,101.0,0.0,0.0,12.0,3309.0,16.0,0.0,0.0,8.0,2.0,1.0,6.0,6.0,8.0,31.0,90.0,10.0,0.0,0.0,51.0,75.0,46.0,1.0,0.0,0.0,4.0,0.0,0.0,0.0,17.0,3532.0,1.0,1.0,0.0,775.0,5.0,49.0,0.0,1.0,0.0,0.0,2.0,0.0,0.0,7.0,16.0,2.0,35.0,136.0,2898.0,50.0,71.0,20.0,12428.0,1.0,56.0,5.0,2.0,1.0,162.0,1.0,0.0,0.0,0.0,0.0,12.0,0.0,0.0,0.0,8.0,23.0,0.0,0.0,0.0,43.0,0.0,2.0,0.0,1.0,5.0,29.0,4.0,1.0,0.0,2.0,36.0,0.0,0.0,0.0,1040.0,1.0,1.0,3.0,2.0,9.0,39.0,1.0,26.0,30.0,0.0,3.0,30.0,88.0,33.0,160.0,2.0,82.0,17.0,0.0,0.0,0.0,0.0,26.0,0.0,10.0,0.0,16.0,0.0,0.0,3.0,0.0,15.0,0.0,5.0,0.0,8464.0,2.0,2.0,0.0,180.0,433.0,2.0,5.0,0.0,1.0,10.0,0.0,1.0,3.0,10.0,214.0,5367.0,0.0,17.0,6.0,2429.0,1.0,2.0,3.0,0.0,1.0,0.0,0.0,0.0,1.0,2020-03-31,69
70,4.0,15.0,58.0,14.0,2.0,0.0,28.0,4.0,20.0,146.0,5.0,1.0,4.0,6.0,0.0,2.0,828.0,0.0,0.0,0.0,7.0,13.0,1.0,240.0,1.0,10.0,16.0,1.0,0.0,1.0,0.0,6.0,109.0,0.0,0.0,16.0,3316.0,17.0,0.0,0.0,9.0,2.0,1.0,6.0,6.0,9.0,39.0,104.0,11.0,0.0,0.0,57.0,93.0,52.0,1.0,0.0,0.0,5.0,0.0,0.0,0.0,17.0,4414.0,1.0,1.0,0.0,920.0,5.0,50.0,0.0,1.0,0.0,0.0,2.0,0.0,0.0,10.0,20.0,2.0,58.0,157.0,3036.0,52.0,85.0,26.0,13155.0,3.0,57.0,5.0,3.0,1.0,165.0,1.0,0.0,0.0,0.0,0.0,14.0,0.0,0.0,0.0,8.0,29.0,2.0,0.0,0.0,45.0,0.0,3.0,0.0,1.0,6.0,37.0,5.0,1.0,0.0,2.0,39.0,0.0,0.0,0.0,1175.0,1.0,1.0,5.0,2.0,11.0,44.0,1.0,27.0,30.0,0.0,3.0,38.0,96.0,43.0,187.0,2.0,92.0,24.0,0.0,0.0,0.0,0.0,26.0,0.0,16.0,1.0,28.0,0.0,0.0,3.0,1.0,15.0,0.0,5.0,0.0,9387.0,3.0,2.0,0.0,239.0,488.0,2.0,5.0,0.0,1.0,12.0,0.0,2.0,5.0,12.0,277.0,6501.0,0.0,20.0,8.0,3100.0,2.0,2.0,3.0,0.0,1.0,0.0,0.0,0.0,1.0,2020-04-01,70
71,6.0,16.0,86.0,15.0,2.0,0.0,36.0,7.0,24.0,158.0,5.0,1.0,4.0,6.0,0.0,4.0,1011.0,0.0,0.0,0.0,8.0,16.0,1.0,324.0,1.0,10.0,16.0,1.0,0.0,1.0,0.0,7.0,139.0,0.0,0.0,18.0,3322.0,19.0,0.0,2.0,13.0,2.0,1.0,7.0,6.0,10.0,44.0,123.0,11.0,0.0,0.0,60.0,120.0,58.0,2.0,0.0,0.0,11.0,0.0,0.0,0.0,19.0,5398.0,1.0,1.0,0.0,1107.0,5.0,53.0,0.0,1.0,0.0,0.0,4.0,0.0,0.0,14.0,21.0,4.0,72.0,170.0,3160.0,54.0,98.0,36.0,13915.0,3.0,62.0,5.0,3.0,3.0,169.0,1.0,0.0,0.0,0.0,0.0,16.0,0.0,1.0,0.0,9.0,30.0,2.0,0.0,0.0,50.0,0.0,3.0,0.0,1.0,7.0,50.0,6.0,1.0,0.0,2.0,44.0,0.0,0.0,0.0,1341.0,1.0,1.0,5.0,2.0,11.0,50.0,1.0,34.0,32.0,0.0,3.0,55.0,107.0,57.0,209.0,3.0,115.0,30.0,0.0,0.0,0.0,0.0,30.0,0.0,21.0,1.0,31.0,0.0,0.0,4.0,1.0,17.0,0.0,5.0,0.0,10348.0,4.0,2.0,0.0,308.0,536.0,2.0,5.0,0.0,1.0,15.0,0.0,2.0,5.0,14.0,356.0,7921.0,0.0,22.0,8.0,3752.0,4.0,2.0,5.0,0.0,1.0,0.0,0.0,1.0,1.0,2020-04-02,71
72,6.0,17.0,105.0,16.0,2.0,0.0,39.0,7.0,28.0,168.0,5.0,1.0,4.0,6.0,0.0,4.0,1143.0,0.0,0.0,0.0,9.0,17.0,1.0,359.0,1.0,14.0,16.0,1.0,0.0,1.0,0.0,8.0,179.0,0.0,0.0,22.0,3326.0,25.0,0.0,2.0,13.0,2.0,1.0,8.0,6.0,11.0,53.0,139.0,11.0,0.0,0.0,68.0,145.0,66.0,2.0,0.0,0.0,12.0,0.0,0.0,0.0,20.0,6520.0,1.0,1.0,0.0,1275.0,5.0,63.0,0.0,1.0,0.0,0.0,4.0,0.0,0.0,15.0,26.0,4.0,72.0,181.0,3294.0,54.0,120.0,40.0,14681.0,3.0,63.0,5.0,6.0,4.0,174.0,1.0,0.0,1.0,0.0,1.0,17.0,0.0,1.0,0.0,9.0,31.0,2.0,0.0,0.0,53.0,0.0,3.0,0.0,1.0,7.0,60.0,8.0,1.0,0.0,2.0,48.0,0.0,0.0,0.0,1490.0,1.0,1.0,5.0,4.0,12.0,59.0,1.0,40.0,37.0,0.0,3.0,61.0,136.0,71.0,246.0,3.0,133.0,34.0,0.0,0.0,0.0,0.0,30.0,0.0,25.0,1.0,39.0,0.0,0.0,5.0,1.0,20.0,0.0,9.0,0.0,11198.0,4.0,2.0,1.0,358.0,591.0,2.0,5.0,0.0,1.0,19.0,0.0,3.0,6.0,18.0,425.0,9246.0,0.0,27.0,9.0,4467.0,4.0,2.0,7.0,0.0,1.0,0.0,0.0,1.0,1.0,2020-04-03,72
73,7.0,20.0,130.0,17.0,2.0,0.0,43.0,7.0,30.0,186.0,5.0,4.0,4.0,8.0,0.0,5.0,1283.0,0.0,0.0,0.0,10.0,21.0,1.0,445.0,1.0,17.0,16.0,1.0,0.0,1.0,0.0,9.0,218.0,0.0,0.0,27.0,3330.0,32.0,0.0,2.0,18.0,2.0,1.0,12.0,6.0,11.0,59.0,161.0,11.0,0.0,0.0,68.0,172.0,71.0,3.0,0.0,0.0,13.0,0.0,0.0,0.0,25.0,7574.0,1.0,1.0,1.0,1444.0,5.0,68.0,0.0,2.0,0.0,0.0,4.0,0.0,0.0,15.0,32.0,4.0,86.0,191.0,3452.0,56.0,137.0,44.0,15362.0,3.0,77.0,5.0,5.0,4.0,177.0,1.0,1.0,1.0,0.0,1.0,17.0,1.0,1.0,1.0,11.0,31.0,2.0,0.0,0.0,57.0,0.0,3.0,0.0,1.0,7.0,79.0,12.0,1.0,0.0,2.0,59.0,0.0,0.0,0.0,1656.0,1.0,1.0,8.0,4.0,17.0,62.0,2.0,41.0,41.0,0.0,3.0,73.0,144.0,79.0,266.0,3.0,146.0,43.0,0.0,0.0,0.0,0.0,32.0,0.0,29.0,2.0,44.0,0.0,0.0,6.0,1.0,22.0,0.0,9.0,0.0,11947.0,5.0,2.0,1.0,373.0,666.0,2.0,5.0,0.0,1.0,20.0,0.0,3.0,6.0,18.0,501.0,10855.0,0.0,32.0,10.0,5228.0,5.0,2.0,7.0,0.0,1.0,0.0,0.0,1.0,1.0,2020-04-04,73
74,7.0,20.0,152.0,18.0,2.0,0.0,44.0,7.0,35.0,204.0,7.0,4.0,4.0,9.0,1.0,8.0,1447.0,0.0,0.0,0.0,10.0,23.0,1.0,486.0,1.0,20.0,17.0,1.0,0.0,1.0,0.0,9.0,259.0,0.0,0.0,34.0,3333.0,35.0,0.0,5.0,18.0,2.0,3.0,15.0,8.0,9.0,67.0,179.0,11.0,0.0,0.0,82.0,180.0,78.0,3.0,0.0,0.0,15.0,0.0,2.0,0.0,28.0,8093.0,1.0,1.0,2.0,1584.0,5.0,73.0,0.0,2.0,0.0,0.0,4.0,1.0,0.0,22.0,34.0,4.0,99.0,198.0,3603.0,61.0,158.0,49.0,15887.0,3.0,77.0,5.0,6.0,4.0,183.0,1.0,1.0,1.0,0.0,1.0,18.0,3.0,1.0,1.0,13.0,36.0,2.0,0.0,0.0,61.0,0.0,5.0,0.0,1.0,7.0,94.0,15.0,1.0,0.0,2.0,70.0,0.0,0.0,0.0,1771.0,1.0,1.0,10.0,5.0,18.0,71.0,2.0,47.0,46.0,0.0,3.0,83.0,152.0,94.0,295.0,4.0,151.0,45.0,0.0,0.0,0.0,0.0,32.0,0.0,34.0,2.0,51.0,0.0,0.0,6.0,1.0,28.0,0.0,11.0,0.0,12641.0,5.0,2.0,1.0,401.0,715.0,2.0,5.0,0.0,1.0,23.0,0.0,3.0,7.0,22.0,574.0,12375.0,0.0,37.0,10.0,5874.0,5.0,2.0,7.0,0.0,1.0,0.0,0.0,1.0,1.0,2020-04-05,74
75,11.0,21.0,173.0,21.0,2.0,0.0,48.0,8.0,40.0,220.0,7.0,5.0,4.0,12.0,2.0,13.0,1632.0,1.0,1.0,0.0,11.0,29.0,1.0,564.0,1.0,22.0,18.0,1.0,0.0,1.0,0.0,9.0,339.0,0.0,0.0,37.0,3335.0,46.0,0.0,5.0,18.0,2.0,3.0,16.0,9.0,9.0,78.0,187.0,11.0,0.0,0.0,86.0,191.0,85.0,4.0,0.0,0.0,19.0,0.0,2.0,0.0,27.0,8926.0,1.0,1.0,2.0,1810.0,5.0,79.0,0.0,3.0,0.0,0.0,4.0,1.0,0.0,22.0,38.0,6.0,136.0,209.0,3739.0,64.0,174.0,57.0,16523.0,3.0,85.0,6.0,6.0,6.0,186.0,1.0,1.0,4.0,0.0,1.0,19.0,3.0,1.0,1.0,15.0,41.0,2.0,0.0,0.0,62.0,0.0,5.0,0.0,1.0,7.0,125.0,19.0,1.0,0.0,2.0,80.0,0.0,0.0,0.0,1874.0,1.0,1.0,10.0,5.0,23.0,76.0,2.0,53.0,54.0,0.0,5.0,92.0,163.0,107.0,311.0,4.0,176.0,47.0,0.0,0.0,0.0,0.0,32.0,0.0,38.0,2.0,58.0,0.0,0.0,6.0,2.0,30.0,0.0,12.0,0.0,13341.0,5.0,2.0,1.0,477.0,765.0,2.0,5.0,0.0,1.0,26.0,0.0,3.0,8.0,22.0,649.0,13894.0,0.0,38.0,11.0,6445.0,6.0,2.0,7.0,0.0,1.0,0.0,0.0,1.0,1.0,2020-04-06,75
76,14.0,22.0,193.0,22.0,2.0,1.0,56.0,8.0,45.0,243.0,8.0,6.0,5.0,17.0,3.0,13.0,2035.0,1.0,1.0,0.0,14.0,33.0,1.0,686.0,1.0,23.0,19.0,1.0,0.0,1.0,0.0,9.0,375.0,0.0,0.0,43.0,3335.0,50.0,0.0,5.0,18.0,2.0,3.0,18.0,11.0,9.0,88.0,203.0,11.0,0.0,0.0,98.0,191.0,94.0,4.0,0.0,0.0,21.0,0.0,2.0,0.0,34.0,10343.0,1.0,1.0,3.0,2016.0,5.0,81.0,0.0,3.0,0.0,0.0,5.0,1.0,0.0,22.0,47.0,6.0,150.0,221.0,3872.0,65.0,210.0,65.0,17127.0,3.0,92.0,6.0,6.0,6.0,192.0,4.0,1.0,4.0,0.0,2.0,19.0,3.0,1.0,1.0,15.0,44.0,2.0,0.0,1.0,63.0,0.0,5.0,0.0,1.0,7.0,141.0,22.0,1.0,0.0,2.0,90.0,0.0,0.0,0.0,2108.0,1.0,1.0,11.0,6.0,26.0,89.0,2.0,57.0,55.0,0.0,5.0,107.0,177.0,129.0,345.0,6.0,197.0,58.0,0.0,0.0,0.0,0.0,34.0,0.0,41.0,2.0,61.0,0.0,0.0,6.0,2.0,36.0,0.0,13.0,0.0,14045.0,6.0,2.0,1.0,591.0,821.0,2.0,5.0,0.0,1.0,27.0,0.0,3.0,8.0,23.0,725.0,16191.0,0.0,45.0,12.0,7483.0,7.0,2.0,7.0,0.0,1.0,0.0,0.0,1.0,2.0,2020-04-07,76
77,14.0,22.0,205.0,23.0,2.0,2.0,63.0,9.0,50.0,273.0,8.0,7.0,5.0,20.0,3.0,13.0,2240.0,1.0,1.0,0.0,15.0,34.0,1.0,819.0,1.0,24.0,23.0,3.0,0.0,1.0,0.0,10.0,407.0,0.0,0.0,48.0,3337.0,54.0,0.0,5.0,18.0,3.0,3.0,19.0,12.0,9.0,99.0,218.0,11.0,0.0,0.0,108.0,242.0,103.0,5.0,0.0,0.0,24.0,0.0,2.0,0.0,40.0,10887.0,1.0,1.0,3.0,2349.0,6.0,83.0,0.0,3.0,0.0,0.0,6.0,1.0,0.0,22.0,58.0,6.0,178.0,240.0,3993.0,69.0,235.0,73.0,17669.0,4.0,93.0,6.0,7.0,6.0,200.0,5.0,1.0,4.0,0.0,2.0,19.0,4.0,1.0,1.0,15.0,46.0,2.0,0.0,1.0,65.0,0.0,7.0,1.0,1.0,7.0,174.0,27.0,1.0,0.0,2.0,93.0,0.0,0.0,0.0,2255.0,1.0,1.0,11.0,6.0,29.0,101.0,2.0,61.0,59.0,0.0,5.0,121.0,182.0,159.0,380.0,6.0,220.0,63.0,0.0,0.0,0.0,0.0,34.0,0.0,41.0,2.0,65.0,0.0,0.0,6.0,2.0,40.0,1.0,18.0,0.0,14792.0,7.0,2.0,1.0,687.0,895.0,2.0,5.0,0.0,1.0,30.0,0.0,3.0,8.0,24.0,812.0,18270.0,0.0,52.0,12.0,8519.0,7.0,3.0,9.0,0.0,1.0,0.0,0.0,1.0,3.0,2020-04-08,77
78,15.0,23.0,235.0,25.0,2.0,2.0,72.0,10.0,51.0,295.0,9.0,8.0,5.0,21.0,3.0,16.0,2523.0,1.0,1.0,0.0,18.0,35.0,1.0,950.0,1.0,24.0,24.0,3.0,0.0,1.0,0.0,10.0,503.0,0.0,0.0,57.0,3339.0,69.0,0.0,5.0,18.0,3.0,3.0,20.0,15.0,10.0,112.0,237.0,11.0,0.0,0.0,118.0,272.0,118.0,6.0,0.0,0.0,24.0,0.0,2.0,0.0,42.0,12228.0,1.0,1.0,3.0,2607.0,6.0,87.0,0.0,3.0,0.0,0.0,6.0,2.0,0.0,23.0,66.0,6.0,226.0,280.0,4110.0,69.0,263.0,86.0,18279.0,4.0,94.0,7.0,8.0,7.0,204.0,5.0,1.0,4.0,0.0,3.0,19.0,4.0,1.0,1.0,16.0,52.0,2.0,0.0,1.0,67.0,0.0,7.0,2.0,1.0,7.0,194.0,29.0,1.0,0.0,2.0,97.0,0.0,0.0,0.0,2403.0,1.0,1.0,11.0,7.0,30.0,108.0,3.0,65.0,63.0,0.0,5.0,138.0,203.0,174.0,409.0,6.0,248.0,76.0,0.0,0.0,0.0,0.0,34.0,0.0,44.0,2.0,66.0,0.0,0.0,6.0,2.0,43.0,1.0,18.0,0.0,15447.0,7.0,2.0,1.0,793.0,948.0,2.0,5.0,0.0,1.0,32.0,0.0,3.0,8.0,25.0,908.0,20255.0,0.0,57.0,14.0,9623.0,7.0,3.0,9.0,0.0,1.0,0.0,0.0,1.0,3.0,2020-04-09,78
79,15.0,23.0,256.0,26.0,2.0,2.0,82.0,12.0,54.0,319.0,10.0,8.0,6.0,27.0,4.0,19.0,3019.0,2.0,1.0,0.0,19.0,36.0,1.0,1057.0,1.0,25.0,24.0,3.0,0.0,1.0,0.0,12.0,557.0,0.0,0.0,65.0,3340.0,80.0,0.0,5.0,20.0,3.0,3.0,21.0,15.0,10.0,119.0,247.0,11.0,1.0,0.0,126.0,297.0,135.0,6.0,0.0,0.0,24.0,0.0,3.0,0.0,48.0,13215.0,1.0,1.0,3.0,2767.0,6.0,92.0,0.0,3.0,0.0,0.0,6.0,2.0,0.0,23.0,77.0,7.0,246.0,306.0,4232.0,70.0,287.0,95.0,18849.0,4.0,99.0,7.0,10.0,7.0,208.0,7.0,1.0,5.0,0.0,3.0,20.0,5.0,1.0,1.0,22.0,54.0,2.0,0.0,1.0,70.0,0.0,7.0,2.0,1.0,9.0,233.0,29.0,1.0,0.0,2.0,107.0,0.0,0.0,0.0,2520.0,2.0,1.0,11.0,7.0,32.0,113.0,3.0,66.0,66.0,0.0,6.0,169.0,221.0,181.0,435.0,6.0,270.0,94.0,0.0,0.0,0.0,0.0,34.0,0.0,47.0,2.0,71.0,0.0,0.0,7.0,2.0,45.0,1.0,24.0,0.0,16081.0,7.0,2.0,1.0,870.0,1002.0,2.0,6.0,0.0,3.0,33.0,0.0,3.0,8.0,25.0,1006.0,22333.0,0.0,69.0,16.0,10776.0,7.0,3.0,9.0,0.0,2.0,0.0,0.0,2.0,3.0,2020-04-10,79
80,18.0,23.0,275.0,26.0,2.0,2.0,83.0,13.0,57.0,337.0,11.0,8.0,6.0,30.0,4.0,23.0,3346.0,2.0,1.0,0.0,20.0,37.0,1.0,1124.0,1.0,28.0,27.0,3.0,0.0,1.0,0.0,12.0,654.0,0.0,0.0,73.0,3343.0,100.0,0.0,5.0,20.0,3.0,4.0,21.0,16.0,10.0,129.0,260.0,11.0,2.0,0.0,135.0,315.0,146.0,6.0,0.0,0.0,24.0,0.0,3.0,0.0,49.0,13851.0,1.0,1.0,3.0,2736.0,8.0,93.0,0.0,3.0,0.0,0.0,6.0,2.0,0.0,24.0,85.0,8.0,288.0,327.0,4357.0,72.0,320.0,101.0,19468.0,4.0,99.0,7.0,10.0,7.0,211.0,7.0,1.0,5.0,0.0,3.0,20.0,5.0,1.0,1.0,23.0,62.0,2.0,0.0,2.0,73.0,0.0,7.0,3.0,1.0,9.0,273.0,30.0,1.0,0.0,2.0,111.0,0.0,0.0,0.0,2653.0,4.0,1.0,11.0,10.0,34.0,119.0,3.0,86.0,74.0,0.0,6.0,181.0,247.0,208.0,470.0,6.0,291.0,106.0,0.0,0.0,0.0,0.0,35.0,0.0,52.0,2.0,74.0,0.0,0.0,8.0,2.0,50.0,1.0,25.0,0.0,16606.0,7.0,2.0,1.0,887.0,1036.0,2.0,6.0,0.0,3.0,35.0,0.0,3.0,8.0,28.0,1101.0,24342.0,0.0,73.0,20.0,11616.0,7.0,4.0,9.0,0.0,2.0,0.0,0.0,2.0,3.0,2020-04-11,80
81,18.0,23.0,293.0,29.0,2.0,2.0,90.0,13.0,60.0,350.0,11.0,8.0,6.0,34.0,4.0,26.0,3600.0,2.0,1.0,0.0,24.0,39.0,1.0,1223.0,1.0,29.0,27.0,4.0,0.0,1.0,0.0,12.0,714.0,0.0,0.0,80.0,3343.0,109.0,0.0,5.0,20.0,3.0,5.0,23.0,18.0,11.0,138.0,273.0,11.0,2.0,0.0,173.0,333.0,159.0,6.0,0.0,0.0,25.0,0.0,3.0,0.0,56.0,14412.0,1.0,1.0,3.0,3022.0,8.0,98.0,0.0,5.0,0.0,0.0,6.0,3.0,0.0,25.0,99.0,8.0,331.0,373.0,4474.0,76.0,334.0,103.0,19899.0,4.0,108.0,7.0,10.0,8.0,214.0,7.0,1.0,5.0,0.0,5.0,20.0,5.0,1.0,1.0,23.0,66.0,2.0,0.0,2.0,76.0,0.0,9.0,3.0,1.0,9.0,296.0,31.0,1.0,0.0,3.0,118.0,0.0,0.0,0.0,2747.0,4.0,1.0,12.0,10.0,34.0,128.0,4.0,91.0,79.0,0.0,6.0,193.0,297.0,232.0,504.0,7.0,316.0,130.0,0.0,0.0,0.0,0.0,35.0,0.0,59.0,2.0,80.0,0.0,0.0,8.0,2.0,53.0,1.0,25.0,0.0,17209.0,7.0,2.0,1.0,899.0,1106.0,2.0,6.0,0.0,3.0,38.0,0.0,3.0,8.0,31.0,1198.0,26086.0,0.0,83.0,22.0,12302.0,7.0,4.0,9.0,0.0,2.0,0.0,0.0,2.0,3.0,2020-04-12,81
82,21.0,23.0,313.0,29.0,2.0,2.0,97.0,14.0,61.0,368.0,12.0,8.0,6.0,39.0,4.0,29.0,3903.0,2.0,1.0,0.0,27.0,39.0,1.0,1328.0,1.0,32.0,27.0,4.0,1.0,1.0,0.0,12.0,781.0,0.0,0.0,82.0,3345.0,112.0,0.0,5.0,20.0,3.0,6.0,25.0,21.0,12.0,143.0,285.0,11.0,2.0,0.0,177.0,355.0,164.0,6.0,0.0,0.0,28.0,0.0,3.0,0.0,59.0,14986.0,1.0,1.0,3.0,3194.0,8.0,99.0,0.0,5.0,0.0,0.0,6.0,3.0,0.0,25.0,109.0,8.0,358.0,399.0,4585.0,78.0,365.0,116.0,20465.0,4.0,123.0,7.0,12.0,9.0,217.0,7.0,2.0,5.0,0.0,5.0,20.0,6.0,1.0,1.0,24.0,69.0,2.0,0.0,2.0,77.0,0.0,10.0,3.0,1.0,9.0,332.0,35.0,1.0,0.0,3.0,126.0,0.0,0.0,0.0,2833.0,5.0,1.0,12.0,10.0,38.0,134.0,4.0,93.0,87.0,0.0,6.0,216.0,315.0,245.0,535.0,7.0,331.0,148.0,0.0,0.0,0.0,0.0,35.0,0.0,65.0,2.0,85.0,0.0,0.0,9.0,2.0,55.0,2.0,27.0,0.0,17756.0,7.0,4.0,1.0,919.0,1138.0,2.0,6.0,0.0,3.0,40.0,0.0,3.0,8.0,34.0,1296.0,27870.0,0.0,93.0,25.0,13047.0,8.0,4.0,9.0,0.0,2.0,0.0,0.0,2.0,3.0,2020-04-13,82
83,23.0,24.0,326.0,31.0,2.0,2.0,102.0,16.0,62.0,384.0,13.0,8.0,7.0,46.0,4.0,33.0,4157.0,2.0,1.0,0.0,28.0,40.0,1.0,1532.0,1.0,35.0,30.0,4.0,1.0,1.0,0.0,14.0,901.0,0.0,0.0,92.0,3345.0,127.0,0.0,5.0,20.0,3.0,6.0,31.0,21.0,12.0,161.0,299.0,12.0,2.0,0.0,183.0,369.0,178.0,6.0,0.0,0.0,31.0,0.0,3.0,0.0,64.0,15731.0,1.0,1.0,3.0,3294.0,8.0,101.0,0.0,5.0,0.0,0.0,6.0,3.0,0.0,26.0,122.0,8.0,393.0,459.0,4683.0,78.0,406.0,123.0,21067.0,4.0,143.0,7.0,14.0,9.0,222.0,8.0,3.0,5.0,0.0,5.0,21.0,6.0,1.0,1.0,29.0,67.0,2.0,0.0,2.0,82.0,0.0,13.0,3.0,1.0,9.0,406.0,40.0,1.0,0.0,4.0,126.0,0.0,0.0,0.0,2955.0,9.0,1.0,14.0,11.0,44.0,139.0,4.0,96.0,94.0,0.0,7.0,230.0,335.0,263.0,567.0,7.0,351.0,170.0,0.0,0.0,0.0,0.0,36.0,0.0,73.0,2.0,94.0,0.0,0.0,10.0,2.0,56.0,2.0,27.0,0.0,18056.0,7.0,5.0,1.0,1033.0,1174.0,2.0,6.0,0.0,3.0,41.0,0.0,3.0,8.0,34.0,1403.0,30262.0,0.0,98.0,28.0,14095.0,8.0,4.0,9.0,0.0,2.0,0.0,0.0,2.0,3.0,2020-04-14,83
84,25.0,25.0,336.0,33.0,2.0,2.0,111.0,17.0,63.0,393.0,13.0,8.0,7.0,50.0,5.0,36.0,4440.0,2.0,1.0,0.0,28.0,41.0,1.0,1736.0,1.0,36.0,32.0,4.0,1.0,1.0,0.0,17.0,1008.0,0.0,0.0,94.0,3346.0,131.0,0.0,5.0,21.0,4.0,6.0,33.0,24.0,12.0,166.0,309.0,12.0,2.0,0.0,189.0,388.0,183.0,6.0,0.0,0.0,35.0,0.0,3.0,0.0,72.0,17169.0,1.0,1.0,3.0,3804.0,8.0,102.0,0.0,5.0,1.0,0.0,6.0,3.0,0.0,31.0,134.0,8.0,405.0,469.0,4777.0,79.0,444.0,130.0,21645.0,5.0,146.0,7.0,16.0,10.0,225.0,8.0,3.0,5.0,0.0,5.0,21.0,6.0,1.0,1.0,30.0,69.0,2.0,0.0,2.0,83.0,0.0,13.0,3.0,1.0,9.0,449.0,46.0,3.0,0.0,4.0,127.0,0.0,0.0,0.0,3145.0,9.0,1.0,14.0,12.0,45.0,150.0,4.0,111.0,95.0,0.0,8.0,254.0,349.0,286.0,599.0,7.0,372.0,198.0,0.0,0.0,0.0,0.0,36.0,0.0,79.0,2.0,99.0,0.0,0.0,10.0,6.0,61.0,5.0,34.0,0.0,18708.0,7.0,5.0,1.0,1203.0,1239.0,2.0,6.0,0.0,4.0,43.0,0.0,3.0,8.0,35.0,1518.0,32734.0,0.0,108.0,33.0,14941.0,8.0,4.0,9.0,0.0,2.0,0.0,0.0,2.0,3.0,2020-04-15,84
85,30.0,26.0,348.0,33.0,2.0,3.0,115.0,18.0,63.0,410.0,15.0,8.0,7.0,60.0,5.0,40.0,4857.0,2.0,1.0,0.0,29.0,43.0,1.0,1924.0,1.0,38.0,32.0,4.0,1.0,1.0,0.0,22.0,1259.0,0.0,0.0,105.0,3346.0,144.0,0.0,5.0,22.0,4.0,6.0,35.0,27.0,12.0,169.0,321.0,12.0,2.0,0.0,196.0,403.0,196.0,6.0,0.0,0.0,36.0,1.0,3.0,0.0,75.0,17922.0,1.0,1.0,3.0,4052.0,8.0,105.0,0.0,5.0,1.0,0.0,6.0,3.0,0.0,35.0,142.0,8.0,448.0,496.0,4869.0,80.0,486.0,142.0,22170.0,5.0,178.0,7.0,17.0,11.0,229.0,11.0,3.0,5.0,0.0,5.0,21.0,6.0,1.0,1.0,32.0,69.0,2.0,0.0,2.0,84.0,0.0,13.0,3.0,1.0,9.0,486.0,54.0,3.0,0.0,4.0,130.0,0.0,0.0,0.0,3327.0,9.0,1.0,14.0,13.0,46.0,152.0,4.0,128.0,103.0,0.0,8.0,274.0,362.0,314.0,629.0,7.0,392.0,232.0,0.0,0.0,0.0,0.0,38.0,0.0,83.0,2.0,103.0,0.0,0.0,10.0,8.0,61.0,5.0,48.0,0.0,19315.0,7.0,5.0,1.0,1333.0,1281.0,2.0,6.0,0.0,4.0,46.0,0.0,5.0,8.0,37.0,1643.0,34827.0,0.0,116.0,35.0,15974.0,9.0,4.0,9.0,0.0,2.0,0.0,0.0,2.0,3.0,2020-04-16,85
86,30.0,26.0,364.0,35.0,2.0,3.0,123.0,19.0,66.0,431.0,15.0,9.0,7.0,75.0,5.0,42.0,5163.0,2.0,1.0,0.0,31.0,46.0,1.0,2141.0,1.0,41.0,35.0,4.0,1.0,1.0,0.0,22.0,1356.0,0.0,0.0,116.0,4636.0,153.0,0.0,6.0,23.0,4.0,6.0,36.0,31.0,12.0,173.0,336.0,13.0,2.0,0.0,200.0,421.0,205.0,7.0,0.0,0.0,38.0,1.0,3.0,0.0,82.0,18683.0,1.0,1.0,3.0,4352.0,8.0,108.0,0.0,7.0,3.0,0.0,6.0,3.0,0.0,41.0,156.0,9.0,486.0,520.0,4958.0,81.0,530.0,151.0,22745.0,5.0,190.0,7.0,17.0,11.0,230.0,12.0,5.0,5.0,0.0,5.0,21.0,7.0,1.0,1.0,33.0,72.0,2.0,0.0,2.0,86.0,0.0,13.0,3.0,1.0,9.0,546.0,56.0,3.0,0.0,5.0,135.0,0.0,0.0,0.0,3471.0,11.0,1.0,18.0,17.0,49.0,161.0,6.0,135.0,109.0,0.0,8.0,300.0,387.0,332.0,657.0,7.0,411.0,273.0,0.0,0.0,0.0,0.0,39.0,0.0,87.0,2.0,110.0,0.0,0.0,11.0,9.0,66.0,6.0,50.0,0.0,20002.0,7.0,6.0,1.0,1400.0,1327.0,2.0,6.0,0.0,5.0,47.0,0.0,5.0,8.0,37.0,1769.0,37411.0,0.0,125.0,37.0,16910.0,9.0,4.0,9.0,0.0,2.0,0.0,0.0,2.0,3.0,2020-04-17,86
87,30.0,26.0,367.0,35.0,2.0,3.0,129.0,20.0,67.0,443.0,18.0,9.0,7.0,84.0,5.0,45.0,5453.0,2.0,1.0,0.0,31.0,47.0,1.0,2354.0,1.0,41.0,36.0,5.0,1.0,1.0,0.0,22.0,1401.0,0.0,0.0,126.0,4636.0,153.0,0.0,6.0,25.0,4.0,8.0,39.0,32.0,12.0,181.0,346.0,13.0,2.0,0.0,217.0,456.0,224.0,7.0,0.0,0.0,38.0,1.0,3.0,0.0,90.0,19325.0,1.0,1.0,4.0,4459.0,9.0,110.0,0.0,7.0,3.0,0.0,6.0,3.0,0.0,46.0,172.0,9.0,521.0,535.0,5031.0,82.0,571.0,164.0,23227.0,5.0,222.0,7.0,17.0,12.0,232.0,12.0,6.0,5.0,0.0,5.0,21.0,7.0,1.0,1.0,33.0,72.0,2.0,0.0,2.0,88.0,0.0,13.0,3.0,1.0,9.0,650.0,57.0,3.0,0.0,5.0,137.0,0.0,0.0,0.0,3613.0,11.0,2.0,19.0,19.0,49.0,164.0,6.0,143.0,116.0,0.0,8.0,348.0,397.0,347.0,687.0,8.0,421.0,313.0,0.0,0.0,0.0,0.0,39.0,0.0,92.0,3.0,117.0,0.0,0.0,11.0,11.0,70.0,7.0,52.0,0.0,20043.0,7.0,10.0,1.0,1511.0,1368.0,2.0,6.0,0.0,5.0,47.0,0.0,5.0,8.0,37.0,1890.0,39753.0,0.0,133.0,37.0,18028.0,9.0,5.0,9.0,0.0,2.0,0.0,0.0,2.0,3.0,2020-04-18,87
88,33.0,26.0,375.0,36.0,2.0,3.0,132.0,20.0,67.0,452.0,19.0,9.0,7.0,91.0,5.0,47.0,5683.0,2.0,1.0,0.0,32.0,48.0,1.0,2462.0,1.0,42.0,36.0,5.0,1.0,1.0,0.0,42.0,1565.0,0.0,0.0,133.0,4636.0,179.0,0.0,6.0,25.0,5.0,9.0,47.0,34.0,12.0,186.0,355.0,13.0,2.0,0.0,226.0,474.0,239.0,7.0,0.0,0.0,40.0,1.0,3.0,0.0,94.0,19720.0,1.0,1.0,4.0,4586.0,9.0,113.0,0.0,7.0,5.0,0.0,7.0,3.0,0.0,46.0,189.0,9.0,559.0,582.0,5118.0,82.0,610.0,172.0,23660.0,5.0,236.0,7.0,17.0,14.0,234.0,12.0,7.0,5.0,0.0,5.0,21.0,8.0,1.0,1.0,35.0,73.0,2.0,0.0,2.0,89.0,0.0,14.0,3.0,1.0,9.0,686.0,67.0,3.0,0.0,5.0,141.0,0.0,0.0,0.0,3697.0,12.0,2.0,20.0,21.0,51.0,165.0,7.0,168.0,120.0,0.0,8.0,400.0,409.0,360.0,714.0,8.0,451.0,361.0,0.0,0.0,0.0,0.0,39.0,0.0,97.0,3.0,122.0,0.0,0.0,11.0,12.0,74.0,7.0,54.0,0.0,20453.0,7.0,10.0,1.0,1540.0,1393.0,3.0,6.0,0.0,7.0,47.0,0.0,5.0,8.0,38.0,2017.0,40945.0,0.0,141.0,41.0,18527.0,10.0,5.0,9.0,0.0,3.0,0.0,0.0,3.0,3.0,2020-04-19,88
89,36.0,26.0,384.0,37.0,2.0,3.0,136.0,22.0,67.0,470.0,19.0,9.0,7.0,101.0,5.0,51.0,5828.0,2.0,1.0,0.0,33.0,49.0,1.0,2587.0,1.0,43.0,38.0,5.0,1.0,1.0,0.0,42.0,1727.0,0.0,0.0,139.0,4636.0,189.0,0.0,6.0,25.0,6.0,9.0,47.0,36.0,12.0,194.0,364.0,13.0,2.0,0.0,235.0,507.0,250.0,7.0,0.0,0.0,40.0,1.0,3.0,0.0,98.0,20267.0,1.0,1.0,4.0,4862.0,9.0,116.0,0.0,7.0,5.0,0.0,7.0,3.0,0.0,46.0,199.0,10.0,592.0,590.0,5209.0,82.0,687.0,177.0,24114.0,5.0,236.0,7.0,19.0,14.0,236.0,15.0,9.0,7.0,0.0,5.0,21.0,8.0,1.0,1.0,37.0,75.0,2.0,0.0,2.0,89.0,0.0,14.0,3.0,1.0,9.0,712.0,70.0,3.0,0.0,5.0,143.0,0.0,0.0,0.0,3764.0,12.0,2.0,20.0,22.0,54.0,181.0,7.0,176.0,126.0,0.0,8.0,445.0,428.0,380.0,735.0,9.0,478.0,405.0,0.0,0.0,0.0,0.0,39.0,0.0,103.0,5.0,125.0,0.0,0.0,11.0,13.0,77.0,8.0,58.0,0.0,20852.0,7.0,12.0,1.0,1580.0,1429.0,3.0,6.0,0.0,10.0,47.0,0.0,6.0,8.0,38.0,2140.0,42659.0,0.0,151.0,43.0,19092.0,10.0,5.0,9.0,0.0,3.0,0.0,0.0,3.0,3.0,2020-04-20,89
90,36.0,26.0,392.0,37.0,2.0,3.0,147.0,24.0,67.0,491.0,20.0,9.0,7.0,110.0,5.0,55.0,5998.0,2.0,1.0,0.0,34.0,51.0,1.0,2741.0,1.0,45.0,38.0,5.0,1.0,1.0,0.0,43.0,1910.0,0.0,0.0,147.0,4636.0,196.0,0.0,6.0,25.0,6.0,13.0,48.0,38.0,12.0,201.0,370.0,13.0,2.0,0.0,245.0,520.0,264.0,7.0,0.0,0.0,43.0,1.0,3.0,0.0,141.0,20798.0,1.0,1.0,4.0,5033.0,9.0,121.0,0.0,7.0,6.0,0.0,7.0,3.0,0.0,46.0,213.0,10.0,645.0,616.0,5297.0,83.0,730.0,184.0,24648.0,6.0,263.0,7.0,19.0,14.0,237.0,18.0,11.0,7.0,0.0,9.0,21.0,8.0,1.0,1.0,38.0,78.0,2.0,0.0,2.0,92.0,0.0,14.0,3.0,1.0,9.0,857.0,72.0,3.0,0.0,5.0,145.0,0.0,0.0,0.0,3929.0,13.0,2.0,20.0,22.0,55.0,182.0,8.0,201.0,136.0,0.0,8.0,484.0,437.0,401.0,762.0,9.0,498.0,456.0,0.0,0.0,0.0,0.0,40.0,0.0,109.0,5.0,130.0,0.0,0.0,11.0,14.0,77.0,8.0,58.0,0.0,21282.0,7.0,12.0,1.0,1765.0,1478.0,3.0,6.0,0.0,10.0,48.0,0.0,6.0,8.0,38.0,2259.0,45086.0,0.0,161.0,46.0,20264.0,11.0,6.0,10.0,0.0,4.0,0.0,0.0,3.0,3.0,2020-04-21,90
91,40.0,27.0,402.0,37.0,2.0,3.0,152.0,24.0,67.0,510.0,20.0,9.0,7.0,120.0,5.0,58.0,6262.0,2.0,1.0,0.0,37.0,53.0,1.0,2906.0,1.0,49.0,39.0,5.0,1.0,1.0,0.0,43.0,2078.0,0.0,0.0,160.0,4636.0,206.0,0.0,6.0,25.0,6.0,14.0,48.0,40.0,13.0,208.0,384.0,13.0,2.0,0.0,260.0,537.0,276.0,7.0,1.0,0.0,44.0,1.0,3.0,0.0,149.0,21342.0,1.0,1.0,5.0,5279.0,9.0,121.0,0.0,8.0,6.0,0.0,7.0,4.0,0.0,46.0,225.0,10.0,681.0,635.0,5391.0,83.0,769.0,189.0,25085.0,6.0,281.0,7.0,19.0,14.0,238.0,18.0,13.0,7.0,0.0,11.0,22.0,8.0,1.0,1.0,38.0,80.0,2.0,0.0,3.0,93.0,0.0,17.0,3.0,1.0,9.0,970.0,75.0,3.0,0.0,5.0,149.0,0.0,0.0,0.0,4068.0,14.0,2.0,22.0,28.0,56.0,187.0,8.0,212.0,141.0,0.0,9.0,530.0,446.0,426.0,785.0,10.0,524.0,513.0,0.0,0.0,0.0,0.0,40.0,0.0,114.0,6.0,134.0,0.0,0.0,12.0,14.0,79.0,8.0,65.0,0.0,21717.0,7.0,13.0,1.0,1937.0,1509.0,3.0,6.0,0.0,10.0,49.0,0.0,6.0,8.0,38.0,2376.0,47412.0,0.0,174.0,52.0,21111.0,12.0,7.0,10.0,0.0,4.0,0.0,0.0,3.0,4.0,2020-04-22,91
92,42.0,27.0,407.0,37.0,2.0,3.0,165.0,24.0,75.0,522.0,20.0,11.0,8.0,127.0,6.0,60.0,6490.0,2.0,1.0,0.0,43.0,54.0,1.0,3331.0,1.0,52.0,41.0,5.0,1.0,1.0,0.0,43.0,2241.0,0.0,0.0,168.0,4636.0,215.0,0.0,6.0,25.0,6.0,14.0,50.0,43.0,13.0,210.0,394.0,13.0,2.0,0.0,265.0,560.0,287.0,8.0,1.0,0.0,45.0,1.0,3.0,0.0,172.0,21858.0,2.0,1.0,5.0,5575.0,9.0,125.0,0.0,11.0,6.0,0.0,7.0,5.0,0.0,47.0,239.0,10.0,721.0,647.0,5481.0,83.0,794.0,192.0,25549.0,6.0,328.0,7.0,20.0,14.0,240.0,19.0,14.0,8.0,0.0,11.0,22.0,8.0,2.0,1.0,40.0,83.0,2.0,0.0,3.0,95.0,0.0,21.0,3.0,1.0,9.0,1069.0,80.0,4.0,0.0,5.0,155.0,0.0,0.0,0.0,4192.0,17.0,3.0,24.0,31.0,56.0,194.0,9.0,237.0,146.0,0.0,9.0,572.0,462.0,454.0,820.0,10.0,545.0,555.0,0.0,0.0,0.0,0.0,40.0,0.0,121.0,6.0,139.0,0.0,1.0,12.0,15.0,79.0,16.0,75.0,0.0,22157.0,7.0,16.0,1.0,2021.0,1549.0,3.0,6.0,0.0,10.0,50.0,0.0,6.0,8.0,38.0,2491.0,49724.0,0.0,187.0,56.0,21840.0,12.0,7.0,10.0,0.0,4.0,0.0,0.0,3.0,4.0,2020-04-23,92
93,43.0,27.0,415.0,40.0,2.0,3.0,176.0,27.0,79.0,530.0,21.0,11.0,8.0,131.0,6.0,63.0,6679.0,2.0,1.0,0.0,44.0,55.0,1.0,3704.0,1.0,54.0,41.0,5.0,1.0,1.0,0.0,43.0,2402.0,0.0,0.0,174.0,4636.0,225.0,0.0,6.0,25.0,6.0,14.0,51.0,49.0,14.0,214.0,403.0,13.0,2.0,0.0,267.0,576.0,294.0,8.0,1.0,0.0,46.0,1.0,3.0,0.0,177.0,22248.0,3.0,1.0,5.0,5760.0,10.0,130.0,0.0,11.0,6.0,0.0,7.0,5.0,0.0,55.0,262.0,10.0,780.0,689.0,5574.0,86.0,1014.0,194.0,25969.0,7.0,345.0,7.0,25.0,14.0,240.0,19.0,15.0,8.0,0.0,12.0,22.0,8.0,2.0,1.0,40.0,85.0,2.0,0.0,3.0,96.0,0.0,21.0,3.0,1.0,9.0,1221.0,84.0,4.0,0.0,6.0,158.0,0.0,0.0,0.0,4304.0,18.0,3.0,24.0,32.0,57.0,199.0,10.0,253.0,154.0,0.0,9.0,634.0,477.0,494.0,854.0,10.0,567.0,615.0,0.0,0.0,0.0,0.0,40.0,0.0,127.0,7.0,144.0,0.0,2.0,12.0,17.0,80.0,16.0,79.0,0.0,22524.0,7.0,16.0,1.0,2152.0,1589.0,3.0,6.0,0.0,10.0,51.0,0.0,6.0,8.0,38.0,2600.0,51493.0,0.0,201.0,64.0,22853.0,12.0,8.0,10.0,0.0,4.0,0.0,0.0,3.0,4.0,2020-04-24,93
94,47.0,27.0,419.0,40.0,2.0,3.0,185.0,28.0,80.0,536.0,21.0,11.0,8.0,140.0,6.0,67.0,6917.0,2.0,1.0,0.0,46.0,57.0,1.0,4057.0,1.0,55.0,41.0,5.0,1.0,1.0,0.0,53.0,2571.0,0.0,0.0,181.0,4636.0,233.0,0.0,6.0,28.0,6.0,14.0,54.0,51.0,14.0,218.0,418.0,13.0,2.0,0.0,273.0,576.0,307.0,8.0,1.0,0.0,46.0,1.0,3.0,0.0,186.0,22617.0,3.0,1.0,5.0,5877.0,10.0,130.0,0.0,13.0,7.0,0.0,7.0,6.0,0.0,59.0,262.0,10.0,825.0,720.0,5650.0,86.0,1063.0,199.0,26384.0,7.0,360.0,7.0,25.0,14.0,242.0,20.0,19.0,8.0,0.0,12.0,24.0,11.0,2.0,1.0,41.0,85.0,2.0,0.0,3.0,98.0,0.0,21.0,4.0,1.0,9.0,1305.0,94.0,4.0,0.0,6.0,159.0,0.0,0.0,0.0,4424.0,18.0,3.0,27.0,35.0,59.0,201.0,10.0,269.0,159.0,0.0,9.0,700.0,494.0,524.0,880.0,10.0,601.0,681.0,0.0,0.0,0.0,0.0,40.0,0.0,136.0,7.0,151.0,0.0,2.0,12.0,17.0,81.0,18.0,86.0,0.0,22902.0,7.0,17.0,1.0,2192.0,1599.0,3.0,6.0,0.0,10.0,51.0,0.0,6.0,8.0,38.0,2706.0,53755.0,0.0,201.0,71.0,23697.0,14.0,8.0,10.0,0.0,2.0,0.0,0.0,3.0,4.0,2020-04-25,94
95,50.0,28.0,425.0,40.0,2.0,3.0,192.0,28.0,83.0,542.0,21.0,11.0,8.0,145.0,6.0,72.0,7094.0,2.0,1.0,0.0,50.0,59.0,1.0,4286.0,1.0,56.0,42.0,5.0,1.0,1.0,0.0,56.0,2687.0,0.0,0.0,189.0,4637.0,244.0,0.0,6.0,28.0,6.0,14.0,55.0,54.0,14.0,220.0,422.0,13.0,2.0,0.0,278.0,576.0,317.0,8.0,1.0,0.0,49.0,1.0,3.0,0.0,190.0,22859.0,3.0,1.0,6.0,5976.0,11.0,134.0,0.0,15.0,7.0,1.0,8.0,6.0,0.0,59.0,272.0,10.0,881.0,743.0,5710.0,87.0,1087.0,201.0,26644.0,7.0,372.0,7.0,25.0,14.0,243.0,21.0,20.0,8.0,0.0,12.0,24.0,12.0,2.0,1.0,41.0,88.0,2.0,0.0,3.0,98.0,0.0,23.0,4.0,1.0,9.0,1351.0,96.0,4.0,0.0,7.0,161.0,0.0,0.0,0.0,4491.0,19.0,3.0,29.0,40.0,61.0,201.0,10.0,281.0,165.0,0.0,9.0,728.0,501.0,535.0,903.0,10.0,619.0,747.0,0.0,0.0,0.0,0.0,41.0,0.0,139.0,9.0,156.0,0.0,4.0,12.0,18.0,82.0,23.0,87.0,0.0,23190.0,7.0,21.0,1.0,2194.0,1610.0,3.0,6.0,0.0,10.0,51.0,0.0,6.0,8.0,38.0,2805.0,54881.0,0.0,209.0,76.0,24117.0,15.0,8.0,10.0,0.0,2.0,0.0,0.0,3.0,4.0,2020-04-26,95
96,57.0,28.0,432.0,40.0,2.0,3.0,197.0,29.0,83.0,549.0,22.0,11.0,8.0,152.0,6.0,75.0,7207.0,2.0,1.0,0.0,53.0,60.0,1.0,4603.0,1.0,58.0,42.0,5.0,1.0,1.0,0.0,58.0,2841.0,0.0,0.0,198.0,4637.0,253.0,0.0,6.0,28.0,6.0,14.0,59.0,56.0,15.0,223.0,427.0,13.0,2.0,0.0,282.0,663.0,337.0,8.0,1.0,0.0,50.0,1.0,3.0,0.0,193.0,23296.0,3.0,1.0,6.0,6126.0,11.0,136.0,0.0,15.0,7.0,1.0,8.0,6.0,0.0,61.0,280.0,10.0,939.0,765.0,5806.0,88.0,1102.0,204.0,26977.0,7.0,385.0,7.0,25.0,14.0,244.0,22.0,22.0,8.0,0.0,13.0,24.0,12.0,2.0,1.0,41.0,88.0,2.0,0.0,3.0,99.0,0.0,23.0,4.0,1.0,10.0,1434.0,102.0,4.0,0.0,7.0,162.0,0.0,0.0,0.0,4534.0,19.0,3.0,29.0,40.0,65.0,205.0,10.0,292.0,167.0,0.0,9.0,782.0,511.0,562.0,928.0,10.0,641.0,794.0,0.0,0.0,0.0,0.0,41.0,0.0,144.0,9.0,162.0,0.0,4.0,14.0,18.0,83.0,26.0,90.0,0.0,23521.0,7.0,22.0,1.0,2274.0,1665.0,3.0,6.0,0.0,10.0,52.0,0.0,6.0,8.0,39.0,2900.0,56219.0,0.0,220.0,82.0,24458.0,15.0,8.0,10.0,0.0,2.0,0.0,0.0,3.0,4.0,2020-04-27,96
97,58.0,30.0,437.0,41.0,2.0,3.0,207.0,30.0,89.0,569.0,22.0,11.0,8.0,155.0,6.0,79.0,7331.0,2.0,1.0,0.0,53.0,63.0,1.0,5083.0,1.0,58.0,42.0,5.0,1.0,1.0,0.0,58.0,2983.0,0.0,2.0,207.0,4637.0,269.0,0.0,8.0,30.0,6.0,14.0,63.0,58.0,15.0,227.0,434.0,13.0,2.0,0.0,286.0,871.0,359.0,8.0,1.0,0.0,50.0,1.0,3.0,0.0,199.0,23663.0,3.0,1.0,6.0,6314.0,16.0,138.0,0.0,15.0,7.0,1.0,8.0,6.0,0.0,64.0,291.0,10.0,1008.0,773.0,5877.0,90.0,1159.0,210.0,27359.0,7.0,394.0,8.0,25.0,14.0,246.0,22.0,23.0,8.0,0.0,13.0,24.0,16.0,2.0,1.0,44.0,89.0,2.0,0.0,3.0,100.0,0.0,24.0,4.0,1.0,10.0,1569.0,103.0,4.0,0.0,7.0,165.0,0.0,0.0,0.0,4582.0,19.0,3.0,31.0,44.0,71.0,206.0,10.0,312.0,167.0,0.0,9.0,854.0,530.0,596.0,948.0,10.0,663.0,867.0,0.0,0.0,0.0,0.0,41.0,0.0,152.0,9.0,168.0,0.0,4.0,14.0,20.0,86.0,28.0,93.0,0.0,23822.0,7.0,25.0,1.0,2355.0,1699.0,3.0,6.0,0.0,10.0,54.0,0.0,6.0,8.0,40.0,2992.0,58355.0,0.0,239.0,89.0,25369.0,15.0,8.0,10.0,0.0,2.0,0.0,0.0,3.0,4.0,2020-04-28,97
98,60.0,30.0,444.0,42.0,2.0,3.0,214.0,30.0,91.0,580.0,23.0,11.0,8.0,163.0,7.0,84.0,7501.0,2.0,1.0,0.0,59.0,65.0,1.0,5513.0,1.0,64.0,43.0,6.0,1.0,1.0,0.0,61.0,3155.0,0.0,2.0,216.0,4637.0,278.0,0.0,8.0,30.0,6.0,14.0,67.0,58.0,15.0,227.0,443.0,13.0,2.0,0.0,293.0,883.0,380.0,9.0,1.0,0.0,50.0,1.0,3.0,0.0,206.0,24090.0,3.0,1.0,6.0,6467.0,16.0,139.0,0.0,16.0,7.0,1.0,8.0,6.0,0.0,66.0,300.0,10.0,1079.0,784.0,5957.0,92.0,1190.0,215.0,27682.0,7.0,413.0,8.0,25.0,15.0,247.0,22.0,24.0,8.0,0.0,15.0,24.0,16.0,2.0,1.0,45.0,89.0,2.0,0.0,3.0,100.0,1.0,25.0,4.0,1.0,10.0,1732.0,111.0,4.0,0.0,7.0,168.0,0.0,0.0,0.0,4727.0,19.0,3.0,32.0,51.0,73.0,207.0,10.0,343.0,178.0,0.0,9.0,943.0,558.0,624.0,973.0,10.0,693.0,972.0,0.0,0.0,0.0,0.0,41.0,0.0,157.0,9.0,173.0,0.0,4.0,14.0,22.0,89.0,28.0,103.0,0.0,24275.0,7.0,28.0,1.0,2462.0,1716.0,3.0,6.0,0.0,16.0,54.0,0.0,7.0,8.0,40.0,3081.0,60967.0,0.0,250.0,98.0,26166.0,15.0,9.0,10.0,0.0,2.0,0.0,0.0,3.0,4.0,2020-04-29,98
99,64.0,31.0,450.0,42.0,2.0,3.0,218.0,32.0,93.0,584.0,24.0,11.0,8.0,168.0,7.0,89.0,7594.0,2.0,1.0,0.0,59.0,69.0,1.0,6006.0,1.0,66.0,43.0,6.0,1.0,1.0,0.0,61.0,3310.0,0.0,5.0,227.0,4637.0,293.0,0.0,9.0,31.0,6.0,14.0,69.0,61.0,15.0,236.0,452.0,13.0,2.0,0.0,301.0,900.0,392.0,10.0,1.0,0.0,52.0,1.0,3.0,0.0,211.0,24379.0,3.0,1.0,6.0,6623.0,17.0,140.0,0.0,16.0,7.0,1.0,9.0,8.0,0.0,71.0,312.0,10.0,1154.0,792.0,6028.0,93.0,1232.0,222.0,27967.0,8.0,430.0,8.0,25.0,17.0,248.0,22.0,26.0,8.0,0.0,15.0,24.0,16.0,3.0,1.0,45.0,90.0,2.0,0.0,3.0,102.0,1.0,26.0,4.0,1.0,10.0,1859.0,116.0,4.0,0.0,7.0,170.0,0.0,0.0,0.0,4811.0,19.0,3.0,32.0,58.0,77.0,210.0,11.0,385.0,188.0,0.0,10.0,1051.0,568.0,644.0,989.0,10.0,717.0,1073.0,0.0,0.0,0.0,0.0,41.0,0.0,162.0,9.0,179.0,0.0,7.0,15.0,23.0,91.0,28.0,103.0,0.0,24543.0,7.0,31.0,1.0,2586.0,1737.0,3.0,6.0,0.0,16.0,54.0,0.0,9.0,8.0,41.0,3174.0,62996.0,0.0,261.0,105.0,26842.0,17.0,9.0,16.0,0.0,2.0,0.0,2.0,3.0,4.0,2020-04-30,99
100,68.0,31.0,453.0,43.0,2.0,3.0,225.0,33.0,93.0,589.0,25.0,11.0,8.0,170.0,7.0,93.0,7703.0,2.0,2.0,0.0,66.0,70.0,1.0,6412.0,1.0,68.0,44.0,6.0,1.0,1.0,0.0,61.0,3537.0,0.0,5.0,234.0,4637.0,314.0,0.0,9.0,32.0,6.0,15.0,75.0,64.0,15.0,240.0,460.0,13.0,2.0,0.0,313.0,1063.0,406.0,10.0,1.0,0.0,52.0,1.0,3.0,0.0,218.0,24597.0,3.0,1.0,7.0,6736.0,17.0,140.0,0.0,16.0,7.0,1.0,9.0,8.0,0.0,75.0,323.0,10.0,1223.0,800.0,6091.0,94.0,1265.0,225.0,28236.0,8.0,455.0,8.0,25.0,21.0,250.0,22.0,30.0,8.0,0.0,16.0,24.0,18.0,3.0,1.0,45.0,92.0,2.0,0.0,3.0,103.0,1.0,26.0,4.0,1.0,10.0,1972.0,122.0,4.0,0.0,7.0,171.0,0.0,0.0,0.0,4909.0,20.0,3.0,33.0,68.0,81.0,210.0,11.0,417.0,192.0,0.0,10.0,1124.0,579.0,651.0,1007.0,12.0,744.0,1169.0,0.0,0.0,0.0,0.0,41.0,1.0,169.0,9.0,179.0,0.0,7.0,16.0,23.0,92.0,28.0,116.0,0.0,24543.0,7.0,36.0,1.0,2653.0,1754.0,3.0,6.0,0.0,16.0,54.0,0.0,9.0,8.0,41.0,3258.0,64943.0,0.0,272.0,111.0,27583.0,17.0,9.0,10.0,0.0,2.0,0.0,2.0,3.0,4.0,2020-05-01,100
101,72.0,31.0,459.0,44.0,2.0,3.0,237.0,33.0,94.0,596.0,25.0,11.0,8.0,175.0,7.0,97.0,7765.0,2.0,2.0,0.0,66.0,72.0,1.0,6761.0,1.0,72.0,44.0,6.0,1.0,2.0,0.0,64.0,3684.0,0.0,10.0,247.0,4637.0,324.0,0.0,9.0,33.0,6.0,15.0,77.0,66.0,15.0,245.0,475.0,13.0,2.0,0.0,326.0,1371.0,415.0,11.0,1.0,0.0,53.0,1.0,3.0,0.0,220.0,24763.0,5.0,1.0,8.0,6812.0,18.0,143.0,0.0,17.0,7.0,1.0,9.0,8.0,0.0,76.0,335.0,10.0,1323.0,831.0,6156.0,95.0,1286.0,229.0,28710.0,8.0,474.0,9.0,25.0,22.0,250.0,22.0,33.0,8.0,0.0,16.0,25.0,18.0,3.0,1.0,46.0,92.0,2.0,0.0,3.0,103.0,1.0,26.0,4.0,1.0,10.0,2061.0,124.0,4.0,0.0,8.0,173.0,0.0,0.0,0.0,5003.0,20.0,3.0,35.0,85.0,82.0,211.0,12.0,440.0,197.0,0.0,10.0,1200.0,603.0,664.0,1023.0,12.0,771.0,1222.0,0.0,0.0,0.0,0.0,41.0,1.0,176.0,9.0,189.0,0.0,8.0,17.0,24.0,94.0,31.0,123.0,0.0,25100.0,7.0,41.0,1.0,2669.0,1762.0,3.0,6.0,2.0,16.0,54.0,0.0,9.0,8.0,42.0,3336.0,66369.0,0.0,279.0,119.0,28205.0,17.0,9.0,10.0,0.0,2.0,0.0,2.0,3.0,4.0,2020-05-02,101
102,85.0,31.0,463.0,45.0,2.0,3.0,246.0,35.0,95.0,598.0,25.0,11.0,8.0,177.0,7.0,99.0,7844.0,2.0,2.0,0.0,76.0,77.0,1.0,7051.0,1.0,73.0,45.0,6.0,1.0,2.0,0.0,64.0,3795.0,0.0,10.0,260.0,4637.0,340.0,0.0,9.0,33.0,6.0,17.0,79.0,67.0,15.0,248.0,484.0,13.0,2.0,0.0,333.0,1564.0,429.0,11.0,1.0,0.0,55.0,1.0,3.0,0.0,230.0,24900.0,5.0,1.0,9.0,6866.0,18.0,144.0,0.0,17.0,7.0,1.0,9.0,9.0,0.0,82.0,340.0,10.0,1391.0,845.0,6203.0,97.0,1303.0,232.0,28884.0,9.0,487.0,9.0,27.0,24.0,252.0,22.0,38.0,10.0,0.0,16.0,25.0,18.0,3.0,1.0,46.0,96.0,2.0,0.0,3.0,105.0,1.0,27.0,4.0,1.0,10.0,2154.0,125.0,4.0,0.0,8.0,174.0,0.0,0.0,0.0,5072.0,20.0,5.0,36.0,87.0,84.0,211.0,12.0,457.0,197.0,0.0,10.0,1286.0,607.0,678.0,1043.0,12.0,790.0,1280.0,0.0,0.0,0.0,0.0,41.0,1.0,184.0,9.0,193.0,0.0,8.0,18.0,24.0,96.0,32.0,131.0,0.0,25264.0,7.0,41.0,1.0,2679.0,1762.0,3.0,6.0,2.0,16.0,54.0,0.0,9.0,8.0,42.0,3397.0,67682.0,0.0,288.0,126.0,28520.0,17.0,10.0,10.0,0.0,2.0,0.0,2.0,3.0,4.0,2020-05-03,102
103,90.0,31.0,465.0,45.0,2.0,3.0,260.0,39.0,96.0,600.0,26.0,11.0,8.0,182.0,7.0,103.0,7924.0,2.0,2.0,0.0,82.0,78.0,1.0,7367.0,1.0,78.0,46.0,6.0,1.0,2.0,0.0,64.0,4003.0,0.0,10.0,270.0,4637.0,358.0,0.0,10.0,34.0,6.0,17.0,80.0,69.0,15.0,252.0,493.0,13.0,2.0,0.0,346.0,1569.0,436.0,13.0,3.0,0.0,55.0,1.0,3.0,0.0,240.0,25204.0,6.0,1.0,9.0,6993.0,18.0,146.0,0.0,19.0,9.0,1.0,9.0,11.0,0.0,83.0,351.0,10.0,1566.0,864.0,6277.0,98.0,1319.0,235.0,29079.0,9.0,536.0,9.0,29.0,24.0,254.0,26.0,40.0,10.0,0.0,16.0,25.0,18.0,3.0,1.0,46.0,96.0,2.0,0.0,3.0,105.0,1.0,29.0,4.0,1.0,10.0,2271.0,132.0,4.0,0.0,8.0,179.0,0.0,0.0,0.0,5098.0,20.0,5.0,37.0,93.0,85.0,214.0,12.0,476.0,200.0,0.0,10.0,1344.0,623.0,698.0,1063.0,12.0,818.0,1356.0,0.0,0.0,0.0,0.0,41.0,3.0,191.0,10.0,197.0,0.0,9.0,18.0,25.0,97.0,35.0,138.0,0.0,25428.0,8.0,41.0,1.0,2769.0,1784.0,3.0,6.0,3.0,16.0,54.0,0.0,9.0,8.0,43.0,3461.0,68922.0,0.0,303.0,137.0,28809.0,17.0,10.0,10.0,0.0,2.0,0.0,2.0,3.0,4.0,2020-05-04,103
104,95.0,31.0,470.0,46.0,2.0,3.0,264.0,40.0,97.0,606.0,26.0,11.0,8.0,183.0,7.0,107.0,8016.0,2.0,2.0,0.0,86.0,79.0,1.0,7938.0,1.0,80.0,48.0,6.0,1.0,2.0,0.0,64.0,4190.0,0.0,17.0,275.0,4637.0,378.0,0.0,10.0,34.0,6.0,18.0,83.0,69.0,15.0,257.0,503.0,13.0,2.0,0.0,354.0,1569.0,452.0,14.0,3.0,0.0,55.0,1.0,4.0,0.0,246.0,25537.0,6.0,1.0,9.0,6993.0,18.0,146.0,0.0,19.0,10.0,1.0,10.0,12.0,0.0,93.0,363.0,10.0,1693.0,872.0,6340.0,102.0,1339.0,238.0,29315.0,9.0,556.0,9.0,29.0,24.0,255.0,26.0,40.0,11.0,0.0,17.0,25.0,20.0,3.0,1.0,46.0,96.0,2.0,0.0,3.0,106.0,2.0,32.0,5.0,1.0,10.0,2507.0,136.0,4.0,0.0,8.0,181.0,0.0,0.0,0.0,5185.0,21.0,5.0,38.0,98.0,86.0,215.0,13.0,514.0,210.0,0.0,10.0,1444.0,637.0,716.0,1074.0,12.0,841.0,1451.0,0.0,0.0,0.0,0.0,41.0,3.0,200.0,11.0,200.0,0.0,11.0,18.0,25.0,98.0,38.0,148.0,0.0,25613.0,9.0,45.0,1.0,2854.0,1795.0,3.0,6.0,5.0,16.0,54.0,0.0,9.0,8.0,43.0,3520.0,71064.0,0.0,316.0,146.0,29501.0,17.0,10.0,10.0,0.0,2.0,0.0,4.0,3.0,4.0,2020-05-05,104
105,104.0,31.0,476.0,46.0,2.0,3.0,273.0,40.0,97.0,608.0,28.0,11.0,8.0,186.0,7.0,112.0,8339.0,2.0,2.0,0.0,91.0,86.0,1.0,8588.0,1.0,84.0,48.0,6.0,1.0,2.0,0.0,108.0,4366.0,0.0,17.0,281.0,4637.0,397.0,1.0,10.0,35.0,6.0,18.0,85.0,69.0,15.0,262.0,506.0,13.0,3.0,0.0,362.0,1618.0,469.0,15.0,4.0,0.0,55.0,2.0,4.0,0.0,252.0,25812.0,6.0,1.0,9.0,7275.0,18.0,147.0,0.0,21.0,11.0,2.0,10.0,12.0,0.0,99.0,373.0,10.0,1785.0,895.0,6418.0,102.0,1375.0,239.0,29684.0,9.0,556.0,9.0,30.0,26.0,256.0,26.0,42.0,12.0,0.0,17.0,25.0,20.0,3.0,1.0,48.0,98.0,2.0,0.0,3.0,107.0,2.0,32.0,5.0,1.0,10.0,2704.0,143.0,4.0,0.0,8.0,183.0,0.0,0.0,0.0,5221.0,21.0,5.0,38.0,103.0,88.0,216.0,13.0,564.0,218.0,0.0,10.0,1533.0,658.0,733.0,1089.0,12.0,864.0,1537.0,0.0,0.0,0.0,0.0,41.0,3.0,209.0,12.0,203.0,0.0,14.0,20.0,25.0,99.0,39.0,153.0,0.0,25857.0,9.0,49.0,1.0,2941.0,1805.0,3.0,6.0,8.0,16.0,55.0,0.0,9.0,8.0,43.0,3584.0,73431.0,0.0,327.0,157.0,30150.0,17.0,10.0,10.0,0.0,2.0,0.0,5.0,4.0,4.0,2020-05-06,105
